identifier,size,path,session_time,sub_name,sub_sex,sub_age,sub_genotype,probes,stim types,#_units,session_length
c3bbf094-904e-43b7-83d5-be5a8bf3826f,2828829044,sub-699241/sub-699241_ses-1318772854_ogen.nwb,2023-12-19 00:00:00-08:00,699241,M,124,Pvalb-IRES-Cre/wt;Ai32(RCL-ChR2(H134R)_EYFP)/wt,"{'probeD', 'probeC', 'probeF', 'probeE', 'probeA', 'OptogeneticStimulusDevice'}","{'UniqueFFF_presentations', 'invalid_times', 'RepeatFFF_presentations', 'static_block_presentations', 'receptive_field_block_presentations'}",2299,7251.236727
ad5f1431-2119-4e85-b98e-0a89d5c6fd08,2992502541,sub-699846/sub-699846_ses-1314466742_ogen.nwb,2023-11-30 00:00:00-08:00,699846,M,100,Sst-IRES-Cre/wt;Ai32(RCL-ChR2(H134R)_EYFP)/wt,"{'probeD', 'probeB', 'probeC', 'probeF', 'probeE', 'probeA', 'OptogeneticStimulusDevice'}","{'UniqueFFF_presentations', 'invalid_times', 'RepeatFFF_presentations', 'static_block_presentations', 'receptive_field_block_presentations'}",2771,7248.796817
26c15f00-af2c-4cc3-97a2-ab32dbe998ae,4721689639,sub-698259/sub-698259_ses-1314229564_ogen.nwb,2023-11-29 00:00:00-08:00,698259,M,111,Pvalb-IRES-Cre/wt;Ai32(RCL-ChR2(H134R)_EYFP)/wt,"{'probeD', 'probeB', 'probeC', 'probeF', 'probeE', 'probeA', 'OptogeneticStimulusDevice'}","{'UniqueFFF_presentations', 'invalid_times', 'RepeatFFF_presentations', 'static_block_presentations', 'receptive_field_block_presentations'}",2744,12104.17776
9f6591b5-22b5-4a23-8009-d9cfba9fe525,3058306362,sub-692990/sub-692990_ses-1310924284_ogen.nwb,2023-11-14 00:00:00-08:00,692990,F,129,Sst-IRES-Cre/wt;Ai32(RCL-ChR2(H134R)_EYFP)/wt,"{'probeD', 'probeB', 'probeC', 'probeF', 'probeE', 'probeA', 'OptogeneticStimulusDevice'}","{'UniqueFFF_presentations', 'invalid_times', 'RepeatFFF_presentations', 'static_block_presentations', 'receptive_field_block_presentations'}",3338,7248.085747
cbc9402d-64ff-4a8f-a688-add16d7b984c,2973901434,sub-697302/sub-697302_ses-1309845146_ogen.nwb,2023-11-09 00:00:00-08:00,697302,F,97,Sst-IRES-Cre/wt;Ai32(RCL-ChR2(H134R)_EYFP)/wt,"{'probeD', 'probeB', 'probeC', 'probeF', 'probeE', 'probeA', 'OptogeneticStimulusDevice'}","{'UniqueFFF_presentations', 'invalid_times', 'RepeatFFF_presentations', 'static_block_presentations', 'receptive_field_block_presentations'}",2824,7248.555437
ae100c59-59ce-4f46-b4be-0d68ea357372,3077972048,sub-697303/sub-697303_ses-1309536438_ogen.nwb,2023-11-08 00:00:00-08:00,697303,F,96,Sst-IRES-Cre/wt;Ai32(RCL-ChR2(H134R)_EYFP)/wt,"{'probeD', 'probeB', 'probeC', 'probeF', 'probeE', 'probeA', 'OptogeneticStimulusDevice'}","{'UniqueFFF_presentations', 'invalid_times', 'RepeatFFF_presentations', 'static_block_presentations', 'receptive_field_block_presentations'}",3465,7254.287277
e367b37d-c854-45ba-bdae-602df4614dea,3157021325,sub-692360/sub-692360_ses-1301730660_ogen.nwb,2023-10-05 00:00:00-07:00,692360,M,94,Pvalb-IRES-Cre/wt;Ai32(RCL-ChR2(H134R)_EYFP)/wt,"{'probeD', 'probeB', 'probeC', 'probeF', 'probeE', 'probeA', 'OptogeneticStimulusDevice'}","{'UniqueFFF_presentations', 'invalid_times', 'RepeatFFF_presentations', 'static_block_presentations', 'receptive_field_block_presentations'}",2844,7250.575147
0e172dc4-eeb4-408d-946f-c80d83cce34a,2739385785,sub-692991/sub-692991_ses-1308221984_ogen.nwb,2023-11-02 00:00:00-07:00,692991,F,117,Sst-IRES-Cre/wt;Ai32(RCL-ChR2(H134R)_EYFP)/wt,"{'probeD', 'probeB', 'probeC', 'probeF', 'probeE', 'probeA', 'OptogeneticStimulusDevice'}","{'UniqueFFF_presentations', 'invalid_times', 'RepeatFFF_presentations', 'static_block_presentations', 'receptive_field_block_presentations'}",2529,7248.935487
518fffd6-6ad2-4021-89eb-c0bb1767d541,2978882451,sub-692984/sub-692984_ses-1303229472_ogen.nwb,2023-10-12 00:00:00-07:00,692984,M,96,Sst-IRES-Cre/wt;Ai32(RCL-ChR2(H134R)_EYFP)/wt,"{'probeD', 'probeB', 'probeF', 'probeE', 'probeA', 'OptogeneticStimulusDevice'}","{'UniqueFFF_presentations', 'invalid_times', 'RepeatFFF_presentations', 'static_block_presentations', 'receptive_field_block_presentations'}",2892,7249.644247
96786f67-a6ac-44dc-ba58-61317082fff3,2555712145,sub-685263/sub-685263_ses-1292234897_ogen.nwb,2023-08-23 00:00:00-07:00,685263,M,95,Pvalb-IRES-Cre/wt;Ai32(RCL-ChR2(H134R)_EYFP)/wt,"{'probeD', 'probeB', 'probeC', 'probeF', 'probeE', 'probeA', 'OptogeneticStimulusDevice'}","{'UniqueFFF_presentations', 'invalid_times', 'RepeatFFF_presentations', 'static_block_presentations', 'receptive_field_block_presentations'}",2791,7248.094377
74d2c6b9-8bbf-4ff1-b2a2-b91d401c12bb,3237433423,sub-682745/sub-682745_ses-1290822286_ogen.nwb,2023-08-17 00:00:00-07:00,682745,M,105,Sst-IRES-Cre/wt;Ai32(RCL-ChR2(H134R)_EYFP)/wt,"{'probeD', 'probeB', 'probeC', 'probeF', 'probeE', 'probeA', 'OptogeneticStimulusDevice'}","{'UniqueFFF_presentations', 'invalid_times', 'RepeatFFF_presentations', 'static_block_presentations', 'receptive_field_block_presentations'}",2878,7258.679237
2f2ac304-83a3-4352-8612-5f34b68062a0,2504326547,sub-681446/sub-681446_ses-1290510496_ogen.nwb,2023-08-16 00:00:00-07:00,681446,M,112,Pvalb-IRES-Cre/wt;Ai32(RCL-ChR2(H134R)_EYFP)/wt,"{'probeD', 'probeB', 'probeC', 'probeF', 'probeE', 'probeA', 'OptogeneticStimulusDevice'}","{'UniqueFFF_presentations', 'invalid_times', 'RepeatFFF_presentations', 'static_block_presentations', 'receptive_field_block_presentations'}",2572,7249.424087
fb92563d-0e56-4c61-aa86-5645a637fa2d,2705076858,sub-691524/sub-691524_ses-1298257492_ogen.nwb,2023-09-20 00:00:00-07:00,691524,M,84,Pvalb-IRES-Cre/wt;Ai32(RCL-ChR2(H134R)_EYFP)/wt,"{'probeD', 'probeB', 'probeC', 'probeF', 'probeE', 'probeA', 'OptogeneticStimulusDevice'}","{'UniqueFFF_presentations', 'invalid_times', 'RepeatFFF_presentations', 'static_block_presentations', 'receptive_field_block_presentations'}",2407,7247.240657
9bdb7302-dce6-4da7-b8b3-10b4bf9c998c,3050930333,sub-688546/sub-688546_ses-1295360519_ogen.nwb,2023-09-07 00:00:00-07:00,688546,F,91,Sst-IRES-Cre/wt;Ai32(RCL-ChR2(H134R)_EYFP)/wt,"{'probeD', 'probeB', 'probeC', 'probeF', 'probeE', 'probeA', 'OptogeneticStimulusDevice'}","{'UniqueFFF_presentations', 'invalid_times', 'RepeatFFF_presentations', 'static_block_presentations', 'receptive_field_block_presentations'}",3026,7261.084057
b44a76a0-6bb2-44f0-930b-c39eca4e0549,1747561931,sub-695764/sub-695764_ses-1311204385.nwb,2023-11-15 00:00:00-08:00,695764,F,113,wt/wt,"{'probeB', 'probeA', 'probeD'}","{'acurl_Wd15_Vel2_Bndry1_Cntst0_oneway_presentations', 'SAC_Wd15_Vel2_Bndry1_Cntst1_loop_presentations', 'Disk_Wd15_Vel2_Bndry1_Cntst0_loop_presentations', 'SAC_Wd15_Vel2_Bndry1_Cntst0_scrambled_presentations', 'SAC_Wd15_Vel8_Bndry1_Cntst0_loop_presentations', 'natmovie_20sec_EagleSwoop1_540x960Full_584x460Active_presentations', 'SAC_Wd15_Vel2_Bndry2_Cntst0_oneway_presentations', 'curl_Wd15_Vel2_Bndry1_Cntst0_oneway_presentations', 'UD_Wd15_Vel2_Bndry1_Cntst0_loop_presentations', 'SAC_Wd15_Vel2_Bndry3_Cntst0_loop_presentations', 'invalid_times', 'natmovie_20sec_SquirrelMice_540x960Full_584x460Active_presentations', 'Disco2SAC_Wd15_Vel2_Bndry1_Cntst0_loop_presentations', 'SAC_Wd45_Vel2_Bndry1_Cntst0_loop_presentations', 'receptive_field_block_presentations', 'SAC_Wd15_Vel2_Bndry1_Cntst0_loop_presentations', 'Ring_Wd15_Vel2_Bndry1_Cntst0_loop_presentations', 'DOT_Wd15_Vel2_Bndry1_Cntst0_loop_presentations'}",1940,7488.337196
e912f4be-bfb0-4e9a-8bf8-d1c99220ae9f,1555233817,sub-699321/sub-699321_ses-1312636156.nwb,2023-11-21 00:00:00-08:00,699321,F,95,wt/wt,"{'probeB', 'probeA', 'probeD'}","{'acurl_Wd15_Vel2_Bndry1_Cntst0_oneway_presentations', 'SAC_Wd15_Vel2_Bndry1_Cntst1_loop_presentations', 'Disk_Wd15_Vel2_Bndry1_Cntst0_loop_presentations', 'SAC_Wd15_Vel2_Bndry1_Cntst0_scrambled_presentations', 'SAC_Wd15_Vel8_Bndry1_Cntst0_loop_presentations', 'natmovie_20sec_EagleSwoop1_540x960Full_584x460Active_presentations', 'SAC_Wd15_Vel2_Bndry2_Cntst0_oneway_presentations', 'curl_Wd15_Vel2_Bndry1_Cntst0_oneway_presentations', 'UD_Wd15_Vel2_Bndry1_Cntst0_loop_presentations', 'SAC_Wd15_Vel2_Bndry3_Cntst0_loop_presentations', 'invalid_times', 'natmovie_20sec_SquirrelMice_540x960Full_584x460Active_presentations', 'Disco2SAC_Wd15_Vel2_Bndry1_Cntst0_loop_presentations', 'SAC_Wd45_Vel2_Bndry1_Cntst0_loop_presentations', 'receptive_field_block_presentations', 'SAC_Wd15_Vel2_Bndry1_Cntst0_loop_presentations', 'Ring_Wd15_Vel2_Bndry1_Cntst0_loop_presentations', 'DOT_Wd15_Vel2_Bndry1_Cntst0_loop_presentations'}",1640,7490.698341
ca62be3f-c30a-433c-a980-eb932cf010f9,2185603786,sub-695763/sub-695763_ses-1317661297.nwb,2023-12-14 00:00:00-08:00,695763,F,142,wt/wt,"{'probeB', 'probeF', 'probeA', 'probeD'}","{'acurl_Wd15_Vel2_Bndry1_Cntst0_oneway_presentations', 'SAC_Wd15_Vel2_Bndry1_Cntst1_loop_presentations', 'Disk_Wd15_Vel2_Bndry1_Cntst0_loop_presentations', 'SAC_Wd15_Vel2_Bndry1_Cntst0_scrambled_presentations', 'SAC_Wd15_Vel8_Bndry1_Cntst0_loop_presentations', 'natmovie_20sec_EagleSwoop1_540x960Full_584x460Active_presentations', 'SAC_Wd15_Vel2_Bndry2_Cntst0_oneway_presentations', 'curl_Wd15_Vel2_Bndry1_Cntst0_oneway_presentations', 'UD_Wd15_Vel2_Bndry1_Cntst0_loop_presentations', 'SAC_Wd15_Vel2_Bndry3_Cntst0_loop_presentations', 'invalid_times', 'natmovie_20sec_SquirrelMice_540x960Full_584x460Active_presentations', 'Disco2SAC_Wd15_Vel2_Bndry1_Cntst0_loop_presentations', 'SAC_Wd45_Vel2_Bndry1_Cntst0_loop_presentations', 'receptive_field_block_presentations', 'SAC_Wd15_Vel2_Bndry1_Cntst0_loop_presentations', 'Ring_Wd15_Vel2_Bndry1_Cntst0_loop_presentations', 'DOT_Wd15_Vel2_Bndry1_Cntst0_loop_presentations'}",2860,7500.974811
3d50d61f-92f9-4866-9395-34e45635c414,1929899175,sub-695762/sub-695762_ses-1317448357.nwb,2023-12-13 00:00:00-08:00,695762,F,141,wt/wt,"{'probeB', 'probeA', 'probeD'}","{'acurl_Wd15_Vel2_Bndry1_Cntst0_oneway_presentations', 'SAC_Wd15_Vel2_Bndry1_Cntst1_loop_presentations', 'Disk_Wd15_Vel2_Bndry1_Cntst0_loop_presentations', 'SAC_Wd15_Vel2_Bndry1_Cntst0_scrambled_presentations', 'SAC_Wd15_Vel8_Bndry1_Cntst0_loop_presentations', 'natmovie_20sec_EagleSwoop1_540x960Full_584x460Active_presentations', 'SAC_Wd15_Vel2_Bndry2_Cntst0_oneway_presentations', 'curl_Wd15_Vel2_Bndry1_Cntst0_oneway_presentations', 'UD_Wd15_Vel2_Bndry1_Cntst0_loop_presentations', 'SAC_Wd15_Vel2_Bndry3_Cntst0_loop_presentations', 'invalid_times', 'natmovie_20sec_SquirrelMice_540x960Full_584x460Active_presentations', 'Disco2SAC_Wd15_Vel2_Bndry1_Cntst0_loop_presentations', 'SAC_Wd45_Vel2_Bndry1_Cntst0_loop_presentations', 'receptive_field_block_presentations', 'SAC_Wd15_Vel2_Bndry1_Cntst0_loop_presentations', 'Ring_Wd15_Vel2_Bndry1_Cntst0_loop_presentations', 'DOT_Wd15_Vel2_Bndry1_Cntst0_loop_presentations'}",1918,7487.893376
6e8ef649-ebb1-4614-9c77-b96a517ecab4,1840809834,sub-699322/sub-699322_ses-1317198704.nwb,2023-12-12 00:00:00-08:00,699322,F,116,wt/wt,"{'probeD', 'probeA', 'probeF'}","{'acurl_Wd15_Vel2_Bndry1_Cntst0_oneway_presentations', 'SAC_Wd15_Vel2_Bndry1_Cntst1_loop_presentations', 'Disk_Wd15_Vel2_Bndry1_Cntst0_loop_presentations', 'SAC_Wd15_Vel2_Bndry1_Cntst0_scrambled_presentations', 'SAC_Wd15_Vel8_Bndry1_Cntst0_loop_presentations', 'natmovie_20sec_EagleSwoop1_540x960Full_584x460Active_presentations', 'SAC_Wd15_Vel2_Bndry2_Cntst0_oneway_presentations', 'curl_Wd15_Vel2_Bndry1_Cntst0_oneway_presentations', 'UD_Wd15_Vel2_Bndry1_Cntst0_loop_presentations', 'SAC_Wd15_Vel2_Bndry3_Cntst0_loop_presentations', 'invalid_times', 'natmovie_20sec_SquirrelMice_540x960Full_584x460Active_presentations', 'Disco2SAC_Wd15_Vel2_Bndry1_Cntst0_loop_presentations', 'SAC_Wd45_Vel2_Bndry1_Cntst0_loop_presentations', 'receptive_field_block_presentations', 'SAC_Wd15_Vel2_Bndry1_Cntst0_loop_presentations', 'Ring_Wd15_Vel2_Bndry1_Cntst0_loop_presentations', 'DOT_Wd15_Vel2_Bndry1_Cntst0_loop_presentations'}",1833,7549.683642
834f72fa-e5db-4b96-965b-4969241d9079,3073270238,sub-702134/sub-702134_ses-1324803287.nwb,2024-01-18 00:00:00-08:00,702134,F,135,wt/wt,"{'probeB', 'probeF', 'probeA', 'probeD'}","{'Stim04_SAC_Wd15_Vel2_Black_loop_presentations', 'Stim06_SAC_Wd15_Vel2_White_scramble_presentations', 'Stim17A_natmovie_20sec_Occluded1to1_A_EagleSwoop_presentations', 'Stim10_ROT_Wd15_Vel2_White_loop_presentations', 'Stim15_natmovie_20sec_EagleSwoop_presentations', 'Stim17B_natmovie_20sec_Occluded1to1_B_EagleSwoop_presentations', 'Stim05_SAC_Wd15_Vel2_White_oneway_2_presentations', 'Stim12_Disk_Wd15_Vel2_White_loop_presentations', 'Stim11_Ring_Wd15_Vel2_White_loop_presentations', 'Stim01_SAC_Wd15_Vel2_White_loop_presentations', 'Stim02_SAC_Wd45_Vel2_White_loop_presentations', 'receptive_field_block_presentations', 'Stim13_SAC_Wd15_Vel2_Disco_loop_presentations', 'Stim16A_natmovie_20sec_Flipped_A_EagleSwoop_presentations', 'Stim08_SAC_Wd15_Vel6_White_loop_presentations', 'Stim03_SAC_Wd15_Vel2_White_oneway_1_presentations', 'Stim09_UD_Wd15_Vel2_White_loop_presentations', 'invalid_times', 'Stim07_DOT_Wd15_Vel2_White_loop_presentations', 'Stim16B_natmovie_20sec_Flipped_B_EagleSwoop_presentations', 'Stim14_natmovie_10secFast_EagleSwoop_presentations'}",3477,8124.447662
bb88678e-1578-4c71-b42b-84f51c6ac9cc,2892210284,sub-702135/sub-702135_ses-1324561527.nwb,2024-01-17 00:00:00-08:00,702135,F,134,wt/wt,"{'probeD', 'probeB', 'probeC', 'probeF', 'probeE', 'probeA'}","{'Stim04_SAC_Wd15_Vel2_Black_loop_presentations', 'Stim06_SAC_Wd15_Vel2_White_scramble_presentations', 'Stim17A_natmovie_20sec_Occluded1to1_A_EagleSwoop_presentations', 'Stim10_ROT_Wd15_Vel2_White_loop_presentations', 'Stim15_natmovie_20sec_EagleSwoop_presentations', 'Stim17B_natmovie_20sec_Occluded1to1_B_EagleSwoop_presentations', 'Stim05_SAC_Wd15_Vel2_White_oneway_2_presentations', 'Stim12_Disk_Wd15_Vel2_White_loop_presentations', 'Stim11_Ring_Wd15_Vel2_White_loop_presentations', 'Stim01_SAC_Wd15_Vel2_White_loop_presentations', 'Stim02_SAC_Wd45_Vel2_White_loop_presentations', 'receptive_field_block_presentations', 'Stim13_SAC_Wd15_Vel2_Disco_loop_presentations', 'Stim16A_natmovie_20sec_Flipped_A_EagleSwoop_presentations', 'Stim08_SAC_Wd15_Vel6_White_loop_presentations', 'Stim03_SAC_Wd15_Vel2_White_oneway_1_presentations', 'Stim09_UD_Wd15_Vel2_White_loop_presentations', 'invalid_times', 'Stim07_DOT_Wd15_Vel2_White_loop_presentations', 'Stim16B_natmovie_20sec_Flipped_B_EagleSwoop_presentations', 'Stim14_natmovie_10secFast_EagleSwoop_presentations'}",2960,8125.120905
3b2e4118-decf-47cd-87f0-82d7a1c7eb5f,2082205427,sub-714615/sub-714615_ses-1325748772.nwb,2024-01-23 00:00:00-08:00,714615,F,99,wt/wt,"{'probeB', 'probeA', 'probeF'}","{'Stim04_SAC_Wd15_Vel2_Black_loop_presentations', 'Stim06_SAC_Wd15_Vel2_White_scramble_presentations', 'Stim17A_natmovie_20sec_Occluded1to1_A_EagleSwoop_presentations', 'Stim10_ROT_Wd15_Vel2_White_loop_presentations', 'Stim15_natmovie_20sec_EagleSwoop_presentations', 'Stim17B_natmovie_20sec_Occluded1to1_B_EagleSwoop_presentations', 'Stim05_SAC_Wd15_Vel2_White_oneway_2_presentations', 'Stim12_Disk_Wd15_Vel2_White_loop_presentations', 'Stim11_Ring_Wd15_Vel2_White_loop_presentations', 'Stim01_SAC_Wd15_Vel2_White_loop_presentations', 'Stim02_SAC_Wd45_Vel2_White_loop_presentations', 'receptive_field_block_presentations', 'Stim13_SAC_Wd15_Vel2_Disco_loop_presentations', 'Stim16A_natmovie_20sec_Flipped_A_EagleSwoop_presentations', 'Stim08_SAC_Wd15_Vel6_White_loop_presentations', 'Stim03_SAC_Wd15_Vel2_White_oneway_1_presentations', 'Stim09_UD_Wd15_Vel2_White_loop_presentations', 'invalid_times', 'Stim07_DOT_Wd15_Vel2_White_loop_presentations', 'Stim16B_natmovie_20sec_Flipped_B_EagleSwoop_presentations', 'Stim14_natmovie_10secFast_EagleSwoop_presentations'}",2738,8217.055053
68b42a43-5983-48fd-aa3f-b68fc71d9e7e,2555258204,sub-714612/sub-714612_ses-1325995398.nwb,2024-01-24 00:00:00-08:00,714612,M,100,wt/wt,"{'probeB', 'probeF', 'probeA', 'probeD'}","{'Stim04_SAC_Wd15_Vel2_Black_loop_presentations', 'Stim06_SAC_Wd15_Vel2_White_scramble_presentations', 'Stim17A_natmovie_20sec_Occluded1to1_A_EagleSwoop_presentations', 'Stim10_ROT_Wd15_Vel2_White_loop_presentations', 'Stim15_natmovie_20sec_EagleSwoop_presentations', 'Stim17B_natmovie_20sec_Occluded1to1_B_EagleSwoop_presentations', 'Stim05_SAC_Wd15_Vel2_White_oneway_2_presentations', 'Stim12_Disk_Wd15_Vel2_White_loop_presentations', 'Stim11_Ring_Wd15_Vel2_White_loop_presentations', 'Stim01_SAC_Wd15_Vel2_White_loop_presentations', 'Stim02_SAC_Wd45_Vel2_White_loop_presentations', 'receptive_field_block_presentations', 'Stim13_SAC_Wd15_Vel2_Disco_loop_presentations', 'Stim16A_natmovie_20sec_Flipped_A_EagleSwoop_presentations', 'Stim08_SAC_Wd15_Vel6_White_loop_presentations', 'Stim03_SAC_Wd15_Vel2_White_oneway_1_presentations', 'Stim09_UD_Wd15_Vel2_White_loop_presentations', 'invalid_times', 'Stim07_DOT_Wd15_Vel2_White_loop_presentations', 'Stim16B_natmovie_20sec_Flipped_B_EagleSwoop_presentations', 'Stim14_natmovie_10secFast_EagleSwoop_presentations'}",2342,8098.478623
65fddd1e-fe4d-4fc6-90c3-318d489f07ab,2923745960,sub-714614/sub-714614_ses-1327183358.nwb,2024-01-30 00:00:00-08:00,714614,F,106,wt/wt,"{'probeD', 'probeB', 'probeC', 'probeF', 'probeE', 'probeA'}","{'Stim04_SAC_Wd15_Vel2_Black_loop_presentations', 'Stim06_SAC_Wd15_Vel2_White_scramble_presentations', 'Stim17A_natmovie_20sec_Occluded1to1_A_EagleSwoop_presentations', 'Stim10_ROT_Wd15_Vel2_White_loop_presentations', 'Stim15_natmovie_20sec_EagleSwoop_presentations', 'Stim17B_natmovie_20sec_Occluded1to1_B_EagleSwoop_presentations', 'Stim05_SAC_Wd15_Vel2_White_oneway_2_presentations', 'Stim12_Disk_Wd15_Vel2_White_loop_presentations', 'Stim11_Ring_Wd15_Vel2_White_loop_presentations', 'Stim01_SAC_Wd15_Vel2_White_loop_presentations', 'Stim02_SAC_Wd45_Vel2_White_loop_presentations', 'receptive_field_block_presentations', 'Stim13_SAC_Wd15_Vel2_Disco_loop_presentations', 'Stim16A_natmovie_20sec_Flipped_A_EagleSwoop_presentations', 'Stim08_SAC_Wd15_Vel6_White_loop_presentations', 'Stim03_SAC_Wd15_Vel2_White_oneway_1_presentations', 'Stim09_UD_Wd15_Vel2_White_loop_presentations', 'invalid_times', 'Stim07_DOT_Wd15_Vel2_White_loop_presentations', 'Stim16B_natmovie_20sec_Flipped_B_EagleSwoop_presentations', 'Stim14_natmovie_10secFast_EagleSwoop_presentations'}",3460,8112.800597
63f6983c-e19f-4c47-b5d4-17669a49d4e6,3301911033,sub-714626/sub-714626_ses-1327655771.nwb,2024-02-01 00:00:00-08:00,714626,M,108,wt/wt,"{'probeD', 'probeB', 'probeC', 'probeF', 'probeE', 'probeA'}","{'Stim04_SAC_Wd15_Vel2_Black_loop_presentations', 'Stim06_SAC_Wd15_Vel2_White_scramble_presentations', 'Stim17A_natmovie_20sec_Occluded1to1_A_EagleSwoop_presentations', 'Stim10_ROT_Wd15_Vel2_White_loop_presentations', 'Stim15_natmovie_20sec_EagleSwoop_presentations', 'Stim17B_natmovie_20sec_Occluded1to1_B_EagleSwoop_presentations', 'Stim05_SAC_Wd15_Vel2_White_oneway_2_presentations', 'Stim12_Disk_Wd15_Vel2_White_loop_presentations', 'Stim11_Ring_Wd15_Vel2_White_loop_presentations', 'Stim01_SAC_Wd15_Vel2_White_loop_presentations', 'Stim02_SAC_Wd45_Vel2_White_loop_presentations', 'receptive_field_block_presentations', 'Stim13_SAC_Wd15_Vel2_Disco_loop_presentations', 'Stim16A_natmovie_20sec_Flipped_A_EagleSwoop_presentations', 'Stim08_SAC_Wd15_Vel6_White_loop_presentations', 'Stim03_SAC_Wd15_Vel2_White_oneway_1_presentations', 'Stim09_UD_Wd15_Vel2_White_loop_presentations', 'invalid_times', 'Stim07_DOT_Wd15_Vel2_White_loop_presentations', 'Stim16B_natmovie_20sec_Flipped_B_EagleSwoop_presentations', 'Stim14_natmovie_10secFast_EagleSwoop_presentations'}",3046,8112.906779
abe6c75b-0e95-4947-9bc7-9a994f88c2b4,2457473419,sub-715811/sub-715811_ses-1328842209.nwb,2024-02-06 00:00:00-08:00,715811,F,106,wt/wt,"{'probeD', 'probeB', 'probeC', 'probeF', 'probeA'}","{'Stim04_SAC_Wd15_Vel2_Black_loop_presentations', 'Stim06_SAC_Wd15_Vel2_White_scramble_presentations', 'Stim17A_natmovie_20sec_Occluded1to1_A_EagleSwoop_presentations', 'Stim10_ROT_Wd15_Vel2_White_loop_presentations', 'Stim15_natmovie_20sec_EagleSwoop_presentations', 'Stim17B_natmovie_20sec_Occluded1to1_B_EagleSwoop_presentations', 'Stim05_SAC_Wd15_Vel2_White_oneway_2_presentations', 'Stim12_Disk_Wd15_Vel2_White_loop_presentations', 'Stim11_Ring_Wd15_Vel2_White_loop_presentations', 'Stim01_SAC_Wd15_Vel2_White_loop_presentations', 'Stim02_SAC_Wd45_Vel2_White_loop_presentations', 'receptive_field_block_presentations', 'Stim13_SAC_Wd15_Vel2_Disco_loop_presentations', 'Stim16A_natmovie_20sec_Flipped_A_EagleSwoop_presentations', 'Stim08_SAC_Wd15_Vel6_White_loop_presentations', 'Stim03_SAC_Wd15_Vel2_White_oneway_1_presentations', 'Stim09_UD_Wd15_Vel2_White_loop_presentations', 'invalid_times', 'Stim07_DOT_Wd15_Vel2_White_loop_presentations', 'Stim16B_natmovie_20sec_Flipped_B_EagleSwoop_presentations', 'Stim14_natmovie_10secFast_EagleSwoop_presentations'}",2239,8117.421339
eacb37c8-6c1a-4d13-92d5-4655aa1533fb,2643094371,sub-715814/sub-715814_ses-1329090859.nwb,2024-02-07 00:00:00-08:00,715814,M,107,wt/wt,"{'probeD', 'probeB', 'probeC', 'probeF', 'probeA'}","{'Stim04_SAC_Wd15_Vel2_Black_loop_presentations', 'Stim06_SAC_Wd15_Vel2_White_scramble_presentations', 'Stim17A_natmovie_20sec_Occluded1to1_A_EagleSwoop_presentations', 'Stim10_ROT_Wd15_Vel2_White_loop_presentations', 'Stim15_natmovie_20sec_EagleSwoop_presentations', 'Stim17B_natmovie_20sec_Occluded1to1_B_EagleSwoop_presentations', 'Stim05_SAC_Wd15_Vel2_White_oneway_2_presentations', 'Stim12_Disk_Wd15_Vel2_White_loop_presentations', 'Stim11_Ring_Wd15_Vel2_White_loop_presentations', 'Stim01_SAC_Wd15_Vel2_White_loop_presentations', 'Stim02_SAC_Wd45_Vel2_White_loop_presentations', 'receptive_field_block_presentations', 'Stim13_SAC_Wd15_Vel2_Disco_loop_presentations', 'Stim16A_natmovie_20sec_Flipped_A_EagleSwoop_presentations', 'Stim08_SAC_Wd15_Vel6_White_loop_presentations', 'Stim03_SAC_Wd15_Vel2_White_oneway_1_presentations', 'Stim09_UD_Wd15_Vel2_White_loop_presentations', 'invalid_times', 'Stim07_DOT_Wd15_Vel2_White_loop_presentations', 'Stim16B_natmovie_20sec_Flipped_B_EagleSwoop_presentations', 'Stim14_natmovie_10secFast_EagleSwoop_presentations'}",2294,8116.194144
b204b4aa-c8f5-4d0e-bb01-e4f7a0c0a99f,2334526002,sub-716464/sub-716464_ses-1330382682.nwb,2024-02-13 00:00:00-08:00,716464,M,106,wt/wt,"{'probeD', 'probeB', 'probeC', 'probeF', 'probeA'}","{'Stim04_SAC_Wd15_Vel2_Black_loop_presentations', 'Stim06_SAC_Wd15_Vel2_White_scramble_presentations', 'Stim17A_natmovie_20sec_Occluded1to1_A_EagleSwoop_presentations', 'Stim10_ROT_Wd15_Vel2_White_loop_presentations', 'Stim15_natmovie_20sec_EagleSwoop_presentations', 'Stim17B_natmovie_20sec_Occluded1to1_B_EagleSwoop_presentations', 'Stim05_SAC_Wd15_Vel2_White_oneway_2_presentations', 'Stim12_Disk_Wd15_Vel2_White_loop_presentations', 'Stim11_Ring_Wd15_Vel2_White_loop_presentations', 'Stim01_SAC_Wd15_Vel2_White_loop_presentations', 'Stim02_SAC_Wd45_Vel2_White_loop_presentations', 'receptive_field_block_presentations', 'Stim13_SAC_Wd15_Vel2_Disco_loop_presentations', 'Stim16A_natmovie_20sec_Flipped_A_EagleSwoop_presentations', 'Stim08_SAC_Wd15_Vel6_White_loop_presentations', 'Stim03_SAC_Wd15_Vel2_White_oneway_1_presentations', 'Stim09_UD_Wd15_Vel2_White_loop_presentations', 'invalid_times', 'Stim07_DOT_Wd15_Vel2_White_loop_presentations', 'Stim16B_natmovie_20sec_Flipped_B_EagleSwoop_presentations', 'Stim14_natmovie_10secFast_EagleSwoop_presentations'}",2273,8110.720355
8f830377-d159-4d5d-95e1-8687f8896a0b,2540301468,sub-717441/sub-717441_ses-1332089263.nwb,2024-02-20 00:00:00-08:00,717441,F,99,wt/wt,"{'probeD', 'probeB', 'probeC', 'probeF', 'probeA'}","{'Stim04_SAC_Wd15_Vel2_Black_loop_presentations', 'Stim06_SAC_Wd15_Vel2_White_scramble_presentations', 'Stim17A_natmovie_20sec_Occluded1to1_A_EagleSwoop_presentations', 'Stim10_ROT_Wd15_Vel2_White_loop_presentations', 'Stim15_natmovie_20sec_EagleSwoop_presentations', 'Stim17B_natmovie_20sec_Occluded1to1_B_EagleSwoop_presentations', 'Stim05_SAC_Wd15_Vel2_White_oneway_2_presentations', 'Stim12_Disk_Wd15_Vel2_White_loop_presentations', 'Stim11_Ring_Wd15_Vel2_White_loop_presentations', 'Stim01_SAC_Wd15_Vel2_White_loop_presentations', 'Stim02_SAC_Wd45_Vel2_White_loop_presentations', 'receptive_field_block_presentations', 'Stim13_SAC_Wd15_Vel2_Disco_loop_presentations', 'Stim16A_natmovie_20sec_Flipped_A_EagleSwoop_presentations', 'Stim08_SAC_Wd15_Vel6_White_loop_presentations', 'Stim03_SAC_Wd15_Vel2_White_oneway_1_presentations', 'Stim09_UD_Wd15_Vel2_White_loop_presentations', 'invalid_times', 'Stim07_DOT_Wd15_Vel2_White_loop_presentations', 'Stim16B_natmovie_20sec_Flipped_B_EagleSwoop_presentations', 'Stim14_natmovie_10secFast_EagleSwoop_presentations'}",2243,8115.416394
bde92775-0249-45f8-aaef-cdb230f9a121,2550947797,sub-717439/sub-717439_ses-1332563048.nwb,2024-02-22 00:00:00-08:00,717439,M,101,wt/wt,"{'probeD', 'probeB', 'probeC', 'probeF', 'probeA'}","{'Stim04_SAC_Wd15_Vel2_Black_loop_presentations', 'Stim06_SAC_Wd15_Vel2_White_scramble_presentations', 'Stim17A_natmovie_20sec_Occluded1to1_A_EagleSwoop_presentations', 'Stim10_ROT_Wd15_Vel2_White_loop_presentations', 'Stim15_natmovie_20sec_EagleSwoop_presentations', 'Stim17B_natmovie_20sec_Occluded1to1_B_EagleSwoop_presentations', 'Stim05_SAC_Wd15_Vel2_White_oneway_2_presentations', 'Stim12_Disk_Wd15_Vel2_White_loop_presentations', 'Stim11_Ring_Wd15_Vel2_White_loop_presentations', 'Stim01_SAC_Wd15_Vel2_White_loop_presentations', 'Stim02_SAC_Wd45_Vel2_White_loop_presentations', 'receptive_field_block_presentations', 'Stim13_SAC_Wd15_Vel2_Disco_loop_presentations', 'Stim16A_natmovie_20sec_Flipped_A_EagleSwoop_presentations', 'Stim08_SAC_Wd15_Vel6_White_loop_presentations', 'Stim03_SAC_Wd15_Vel2_White_oneway_1_presentations', 'Stim09_UD_Wd15_Vel2_White_loop_presentations', 'invalid_times', 'Stim07_DOT_Wd15_Vel2_White_loop_presentations', 'Stim16B_natmovie_20sec_Flipped_B_EagleSwoop_presentations', 'Stim14_natmovie_10secFast_EagleSwoop_presentations'}",2344,8117.606718
ff83c0c5-fb00-446f-813a-51402aee4fd6,2517103239,sub-717437/sub-717437_ses-1333971345.nwb,2024-02-28 00:00:00-08:00,717437,M,107,wt/wt,"{'probeB', 'probeF', 'probeA', 'probeD'}","{'Stim01_SAC_Wd15_Vel2_White_loop_presentations', 'Stim19_natmovie_10secFast_EagleSwoop_presentations', 'invalid_times', 'receptive_field_block_presentations', 'StimMN_natmovie_8SAC7Eagle_Feb12_2024_presentations'}",2530,8381.842843
dfcf05b8-f1ff-4499-9b64-865d0d32f839,1706916854,sub-719666/sub-719666_ses-1335486174.nwb,2024-03-05 00:00:00-08:00,719666,M,106,wt/wt,"{'probeB', 'probeD', 'probeC', 'probeF'}","{'Stim01_SAC_Wd15_Vel2_White_loop_presentations', 'Stim19_natmovie_10secFast_EagleSwoop_presentations', 'invalid_times', 'receptive_field_block_presentations', 'StimMN_natmovie_8SAC7Eagle_Feb12_2024_presentations'}",1434,8413.365366
302f5b7b-bc1f-4a80-a903-ffb17486e5f5,2833450938,sub-716465/sub-716465_ses-1330689294.nwb,2024-02-14 00:00:00-08:00,716465,M,107,wt/wt,"{'probeB', 'probeF', 'probeA', 'probeD'}","{'Stim04_SAC_Wd15_Vel2_Black_loop_presentations', 'Stim06_SAC_Wd15_Vel2_White_scramble_presentations', 'Stim17A_natmovie_20sec_Occluded1to1_A_EagleSwoop_presentations', 'Stim10_ROT_Wd15_Vel2_White_loop_presentations', 'Stim15_natmovie_20sec_EagleSwoop_presentations', 'Stim17B_natmovie_20sec_Occluded1to1_B_EagleSwoop_presentations', 'Stim05_SAC_Wd15_Vel2_White_oneway_2_presentations', 'Stim12_Disk_Wd15_Vel2_White_loop_presentations', 'Stim11_Ring_Wd15_Vel2_White_loop_presentations', 'Stim01_SAC_Wd15_Vel2_White_loop_presentations', 'Stim02_SAC_Wd45_Vel2_White_loop_presentations', 'receptive_field_block_presentations', 'Stim13_SAC_Wd15_Vel2_Disco_loop_presentations', 'Stim16A_natmovie_20sec_Flipped_A_EagleSwoop_presentations', 'Stim08_SAC_Wd15_Vel6_White_loop_presentations', 'Stim03_SAC_Wd15_Vel2_White_oneway_1_presentations', 'Stim09_UD_Wd15_Vel2_White_loop_presentations', 'invalid_times', 'Stim07_DOT_Wd15_Vel2_White_loop_presentations', 'Stim16B_natmovie_20sec_Flipped_B_EagleSwoop_presentations', 'Stim14_natmovie_10secFast_EagleSwoop_presentations'}",2602,8108.83864
2f5b4c7a-9fb5-4dda-90cb-296baf8eb162,3123949371,sub-714624/sub-714624_ses-1327374064.nwb,2024-01-31 00:00:00-08:00,714624,M,107,wt/wt,"{'probeD', 'probeB', 'probeC', 'probeF', 'probeE', 'probeA'}","{'Stim04_SAC_Wd15_Vel2_Black_loop_presentations', 'Stim06_SAC_Wd15_Vel2_White_scramble_presentations', 'Stim17A_natmovie_20sec_Occluded1to1_A_EagleSwoop_presentations', 'Stim10_ROT_Wd15_Vel2_White_loop_presentations', 'Stim15_natmovie_20sec_EagleSwoop_presentations', 'Stim17B_natmovie_20sec_Occluded1to1_B_EagleSwoop_presentations', 'Stim05_SAC_Wd15_Vel2_White_oneway_2_presentations', 'Stim12_Disk_Wd15_Vel2_White_loop_presentations', 'Stim11_Ring_Wd15_Vel2_White_loop_presentations', 'Stim01_SAC_Wd15_Vel2_White_loop_presentations', 'Stim02_SAC_Wd45_Vel2_White_loop_presentations', 'receptive_field_block_presentations', 'Stim13_SAC_Wd15_Vel2_Disco_loop_presentations', 'Stim16A_natmovie_20sec_Flipped_A_EagleSwoop_presentations', 'Stim08_SAC_Wd15_Vel6_White_loop_presentations', 'Stim03_SAC_Wd15_Vel2_White_oneway_1_presentations', 'Stim09_UD_Wd15_Vel2_White_loop_presentations', 'invalid_times', 'Stim07_DOT_Wd15_Vel2_White_loop_presentations', 'Stim16B_natmovie_20sec_Flipped_B_EagleSwoop_presentations', 'Stim14_natmovie_10secFast_EagleSwoop_presentations'}",3605,8109.692943
0bc1a2e9-e2ef-428d-8b59-e786a852f28b,798648101,sub-717438/sub-717438_ses-1334311030.nwb,2024-02-29 00:00:00-08:00,717438,M,108,wt/wt,{'probeF'},"{'Stim01_SAC_Wd15_Vel2_White_loop_presentations', 'Stim19_natmovie_10secFast_EagleSwoop_presentations', 'invalid_times', 'receptive_field_block_presentations', 'StimMN_natmovie_8SAC7Eagle_Feb12_2024_presentations'}",487,8379.600213
0cc9856d-b9f7-4595-9c53-07f8a47af9ce,1926762029,sub-717438/sub-717438_ses-1334311030_ecephys.nwb,2024-02-29 00:00:00-08:00,717438,M,108,wt/wt,{'probeF'},set(),0,-1
6429d002-6ef7-4597-a6c7-fbd0f7cfa262,2618315564,sub-719667/sub-719667_ses-1333741475.nwb,2024-02-27 00:00:00-08:00,719667,F,99,wt/wt,"{'probeB', 'probeF', 'probeA', 'probeD'}","{'Stim01_SAC_Wd15_Vel2_White_loop_presentations', 'Stim19_natmovie_10secFast_EagleSwoop_presentations', 'invalid_times', 'receptive_field_block_presentations', 'StimMN_natmovie_8SAC7Eagle_Feb12_2024_presentations'}",2897,8382.142418
