identifier,size,path,session_time,session_id,experiment_id,container_id,group,group_count,imaging_depth,location,fov_height,fov_width,specimen_name,sex,age,genotype,stim_types,n_rois,session_end
2b16c329-a2f2-44c0-917f-d2485eca5fb7,4008765509,sub-644972/sub-644972_ses-1238929581-acq-1239101628_image+ophys.nwb,2023-01-11 16:33:05.503000+00:00,1238929581,1239101628,0,3,4,288,VISpm,512,512,644972,M,P162.0D,Rbp4-Cre_KL100/wt;Camk2a-tTA/wt;Ai93(TITL-GCaMP6f)/wt,"{'movie_flower_rev_fwd_presentations', 'movie_worms_rev_fwd_presentations', 'movie_flower_fwd_rev_presentations', 'spontaneous_presentations', 'rotate_gabors_presentations', 'movie_worms_fwd_presentations', 'movie_touch_of_evil_rev_fwd_presentations', 'movie_touch_of_evil_rev_presentations', 'gratings_presentations', 'movie_flower_fwd_presentations', 'movie_touch_of_evil_fwd_presentations', 'movie_worms_fwd_rev_presentations', 'movie_flower_rev_presentations', 'movie_worms_rev_presentations', 'fixed_gabors_presentations', 'movie_touch_of_evil_fwd_rev_presentations'}",None,3937.19637
c1a7d88e-2a7d-463e-a73d-b46eaea61593,1079474009,sub-644972/sub-644972_ses-1237338784-acq-1237809217_image+ophys.nwb,2023-01-04 16:58:58.862000+00:00,1237338784,1237809217,0,0,4,20,VISp,512,512,644972,M,P155.0D,Rbp4-Cre_KL100/wt;Camk2a-tTA/wt;Ai93(TITL-GCaMP6f)/wt,"{'spontaneous_presentations', 'rotate_gabors_presentations', 'movie_worms_fwd_presentations', 'movie_touch_of_evil_fwd_presentations', 'gratings_presentations', 'movie_flower_fwd_presentations', 'fixed_gabors_presentations'}",6,3941.946
dff85610-18b0-4d72-8ebd-5639516fe0b7,1073642857,sub-644972/sub-644972_ses-1237338784-acq-1237809220_image+ophys.nwb,2023-01-04 16:58:58.862000+00:00,1237338784,1237809220,0,1,4,25,VISam,512,512,644972,M,P155.0D,Rbp4-Cre_KL100/wt;Camk2a-tTA/wt;Ai93(TITL-GCaMP6f)/wt,"{'spontaneous_presentations', 'rotate_gabors_presentations', 'movie_worms_fwd_presentations', 'movie_touch_of_evil_fwd_presentations', 'gratings_presentations', 'movie_flower_fwd_presentations', 'fixed_gabors_presentations'}",1,3941.946
ee3b7520-6ac7-49ea-88b3-022d5be7816b,1069138065,sub-644972/sub-644972_ses-1237338784-acq-1237809223_image+ophys.nwb,2023-01-04 16:58:58.862000+00:00,1237338784,1237809223,0,2,4,30,VISl,512,512,644972,M,P155.0D,Rbp4-Cre_KL100/wt;Camk2a-tTA/wt;Ai93(TITL-GCaMP6f)/wt,"{'spontaneous_presentations', 'rotate_gabors_presentations', 'movie_worms_fwd_presentations', 'movie_touch_of_evil_fwd_presentations', 'gratings_presentations', 'movie_flower_fwd_presentations', 'fixed_gabors_presentations'}",None,3941.946
a81fd01e-36be-4eff-a3f1-379201a95bf4,1144934234,sub-644972/sub-644972_ses-1237338784-acq-1237809219_image+ophys.nwb,2023-01-04 16:58:58.862000+00:00,1237338784,1237809219,0,0,4,295,VISp,512,512,644972,M,P155.0D,Rbp4-Cre_KL100/wt;Camk2a-tTA/wt;Ai93(TITL-GCaMP6f)/wt,"{'spontaneous_presentations', 'rotate_gabors_presentations', 'movie_worms_fwd_presentations', 'movie_touch_of_evil_fwd_presentations', 'gratings_presentations', 'movie_flower_fwd_presentations', 'fixed_gabors_presentations'}",62,3941.946
77bee3bf-f961-4d0e-ae33-5177668a3395,1079478897,sub-644972/sub-644972_ses-1237338784-acq-1237809227_image+ophys.nwb,2023-01-04 16:58:58.862000+00:00,1237338784,1237809227,0,3,4,18,VISpm,512,512,644972,M,P155.0D,Rbp4-Cre_KL100/wt;Camk2a-tTA/wt;Ai93(TITL-GCaMP6f)/wt,"{'spontaneous_presentations', 'rotate_gabors_presentations', 'movie_worms_fwd_presentations', 'movie_touch_of_evil_fwd_presentations', 'gratings_presentations', 'movie_flower_fwd_presentations', 'fixed_gabors_presentations'}",6,3941.946
42bad904-bd53-4696-bac6-eb3b9826da0c,1069186000,sub-644972/sub-644972_ses-1237558566-acq-1237712753_image+ophys.nwb,2023-01-05 17:01:03.023000+00:00,1237558566,1237712753,0,2,4,318,VISl,512,512,644972,M,P156.0D,Rbp4-Cre_KL100/wt;Camk2a-tTA/wt;Ai93(TITL-GCaMP6f)/wt,"{'spontaneous_presentations', 'rotate_gabors_presentations', 'movie_worms_fwd_presentations', 'movie_touch_of_evil_fwd_presentations', 'gratings_presentations', 'movie_flower_fwd_presentations', 'fixed_gabors_presentations'}",None,3946.23896
1c1ad766-76d9-4826-a31d-5decd2d75a31,1069186000,sub-644972/sub-644972_ses-1237558566-acq-1237712746_image+ophys.nwb,2023-01-05 17:01:03.023000+00:00,1237558566,1237712746,0,0,4,285,VISp,512,512,644972,M,P156.0D,Rbp4-Cre_KL100/wt;Camk2a-tTA/wt;Ai93(TITL-GCaMP6f)/wt,"{'spontaneous_presentations', 'rotate_gabors_presentations', 'movie_worms_fwd_presentations', 'movie_touch_of_evil_fwd_presentations', 'gratings_presentations', 'movie_flower_fwd_presentations', 'fixed_gabors_presentations'}",None,3946.23896
c04a55a1-a531-4955-ac45-2aa4981f7a63,1069186000,sub-644972/sub-644972_ses-1237558566-acq-1237712751_image+ophys.nwb,2023-01-05 17:01:03.023000+00:00,1237558566,1237712751,0,2,4,29,VISl,512,512,644972,M,P156.0D,Rbp4-Cre_KL100/wt;Camk2a-tTA/wt;Ai93(TITL-GCaMP6f)/wt,"{'spontaneous_presentations', 'rotate_gabors_presentations', 'movie_worms_fwd_presentations', 'movie_touch_of_evil_fwd_presentations', 'gratings_presentations', 'movie_flower_fwd_presentations', 'fixed_gabors_presentations'}",None,3946.23896
bc995d45-0846-42da-9e46-b2d19217ed67,1091164247,sub-644972/sub-644972_ses-1237081845-acq-1237345895_image+ophys.nwb,2023-01-03 17:03:30.439000+00:00,1237081845,1237345895,0,1,4,300,VISam,512,512,644972,M,P154.0D,Rbp4-Cre_KL100/wt;Camk2a-tTA/wt;Ai93(TITL-GCaMP6f)/wt,"{'spontaneous_presentations', 'rotate_gabors_presentations', 'movie_worms_fwd_presentations', 'movie_touch_of_evil_fwd_presentations', 'gratings_presentations', 'movie_flower_fwd_presentations', 'fixed_gabors_presentations'}",16,3941.50602
377c141d-e373-4b5c-855a-0a38fa579b77,1069186000,sub-644972/sub-644972_ses-1237558566-acq-1237712754_image+ophys.nwb,2023-01-05 17:01:03.023000+00:00,1237558566,1237712754,0,3,4,19,VISpm,512,512,644972,M,P156.0D,Rbp4-Cre_KL100/wt;Camk2a-tTA/wt;Ai93(TITL-GCaMP6f)/wt,"{'spontaneous_presentations', 'rotate_gabors_presentations', 'movie_worms_fwd_presentations', 'movie_touch_of_evil_fwd_presentations', 'gratings_presentations', 'movie_flower_fwd_presentations', 'fixed_gabors_presentations'}",None,3946.23896
37a596c4-8a7f-4b13-88ec-2c7117b5ac9c,1069186000,sub-644972/sub-644972_ses-1237558566-acq-1237712747_image+ophys.nwb,2023-01-05 17:01:03.023000+00:00,1237558566,1237712747,0,1,4,14,VISam,512,512,644972,M,P156.0D,Rbp4-Cre_KL100/wt;Camk2a-tTA/wt;Ai93(TITL-GCaMP6f)/wt,"{'spontaneous_presentations', 'rotate_gabors_presentations', 'movie_worms_fwd_presentations', 'movie_touch_of_evil_fwd_presentations', 'gratings_presentations', 'movie_flower_fwd_presentations', 'fixed_gabors_presentations'}",None,3946.23896
e51577db-798c-491d-a9c7-6c7f601e16f5,1069186000,sub-644972/sub-644972_ses-1237558566-acq-1237712744_image+ophys.nwb,2023-01-05 17:01:03.023000+00:00,1237558566,1237712744,0,0,4,17,VISp,512,512,644972,M,P156.0D,Rbp4-Cre_KL100/wt;Camk2a-tTA/wt;Ai93(TITL-GCaMP6f)/wt,"{'spontaneous_presentations', 'rotate_gabors_presentations', 'movie_worms_fwd_presentations', 'movie_touch_of_evil_fwd_presentations', 'gratings_presentations', 'movie_flower_fwd_presentations', 'fixed_gabors_presentations'}",None,3946.23896
8dc3db02-59c9-4668-b4f3-44c259e89fb7,1141408516,sub-644972/sub-644972_ses-1237081845-acq-1237345892_image+ophys.nwb,2023-01-03 17:03:30.439000+00:00,1237081845,1237345892,0,0,4,291,VISp,512,512,644972,M,P154.0D,Rbp4-Cre_KL100/wt;Camk2a-tTA/wt;Ai93(TITL-GCaMP6f)/wt,"{'spontaneous_presentations', 'rotate_gabors_presentations', 'movie_worms_fwd_presentations', 'movie_touch_of_evil_fwd_presentations', 'gratings_presentations', 'movie_flower_fwd_presentations', 'fixed_gabors_presentations'}",59,3941.50602
12560c7f-387c-41d4-a252-0ca6ea17d103,1125068049,sub-644972/sub-644972_ses-1237338784-acq-1237809226_image+ophys.nwb,2023-01-04 16:58:58.862000+00:00,1237338784,1237809226,0,2,4,319,VISl,512,512,644972,M,P155.0D,Rbp4-Cre_KL100/wt;Camk2a-tTA/wt;Ai93(TITL-GCaMP6f)/wt,"{'spontaneous_presentations', 'rotate_gabors_presentations', 'movie_worms_fwd_presentations', 'movie_touch_of_evil_fwd_presentations', 'gratings_presentations', 'movie_flower_fwd_presentations', 'fixed_gabors_presentations'}",45,3941.946
f1ad503e-72bf-483f-96d8-83ece9fa46de,1106338662,sub-644972/sub-644972_ses-1237338784-acq-1237809222_image+ophys.nwb,2023-01-04 16:58:58.862000+00:00,1237338784,1237809222,0,1,4,295,VISam,512,512,644972,M,P155.0D,Rbp4-Cre_KL100/wt;Camk2a-tTA/wt;Ai93(TITL-GCaMP6f)/wt,"{'spontaneous_presentations', 'rotate_gabors_presentations', 'movie_worms_fwd_presentations', 'movie_touch_of_evil_fwd_presentations', 'gratings_presentations', 'movie_flower_fwd_presentations', 'fixed_gabors_presentations'}",29,3941.946
25a2a11b-6aa9-4503-bfad-37758e5a5dd6,1069138892,sub-644972/sub-644972_ses-1237081845-acq-1237345896_image+ophys.nwb,2023-01-03 17:03:30.439000+00:00,1237081845,1237345896,0,2,4,31,VISl,512,512,644972,M,P154.0D,Rbp4-Cre_KL100/wt;Camk2a-tTA/wt;Ai93(TITL-GCaMP6f)/wt,"{'spontaneous_presentations', 'rotate_gabors_presentations', 'movie_worms_fwd_presentations', 'movie_touch_of_evil_fwd_presentations', 'gratings_presentations', 'movie_flower_fwd_presentations', 'fixed_gabors_presentations'}",None,3941.50602
9b973f19-bd0e-4442-beaa-7c873a2ec109,1069138892,sub-644972/sub-644972_ses-1237081845-acq-1237345893_image+ophys.nwb,2023-01-03 17:03:30.439000+00:00,1237081845,1237345893,0,1,4,15,VISam,512,512,644972,M,P154.0D,Rbp4-Cre_KL100/wt;Camk2a-tTA/wt;Ai93(TITL-GCaMP6f)/wt,"{'spontaneous_presentations', 'rotate_gabors_presentations', 'movie_worms_fwd_presentations', 'movie_touch_of_evil_fwd_presentations', 'gratings_presentations', 'movie_flower_fwd_presentations', 'fixed_gabors_presentations'}",None,3941.50602
9f5b8a2d-5619-4f9f-b61e-b5f532e990c4,1121539721,sub-644972/sub-644972_ses-1237338784-acq-1237809229_image+ophys.nwb,2023-01-04 16:58:58.862000+00:00,1237338784,1237809229,0,3,4,297,VISpm,512,512,644972,M,P155.0D,Rbp4-Cre_KL100/wt;Camk2a-tTA/wt;Ai93(TITL-GCaMP6f)/wt,"{'spontaneous_presentations', 'rotate_gabors_presentations', 'movie_worms_fwd_presentations', 'movie_touch_of_evil_fwd_presentations', 'gratings_presentations', 'movie_flower_fwd_presentations', 'fixed_gabors_presentations'}",42,3941.946
438219a6-7fcf-49f5-a765-da87280dca97,1075969725,sub-644972/sub-644972_ses-1237081845-acq-1237345890_image+ophys.nwb,2023-01-03 17:03:30.439000+00:00,1237081845,1237345890,0,0,4,15,VISp,512,512,644972,M,P154.0D,Rbp4-Cre_KL100/wt;Camk2a-tTA/wt;Ai93(TITL-GCaMP6f)/wt,"{'spontaneous_presentations', 'rotate_gabors_presentations', 'movie_worms_fwd_presentations', 'movie_touch_of_evil_fwd_presentations', 'gratings_presentations', 'movie_flower_fwd_presentations', 'fixed_gabors_presentations'}",3,3941.50602
c0b70568-2fb3-461e-a62b-6bbae5ef8852,1113327386,sub-644972/sub-644972_ses-1237081845-acq-1237345901_image+ophys.nwb,2023-01-03 17:03:30.439000+00:00,1237081845,1237345901,0,3,4,300,VISpm,512,512,644972,M,P154.0D,Rbp4-Cre_KL100/wt;Camk2a-tTA/wt;Ai93(TITL-GCaMP6f)/wt,"{'spontaneous_presentations', 'rotate_gabors_presentations', 'movie_worms_fwd_presentations', 'movie_touch_of_evil_fwd_presentations', 'gratings_presentations', 'movie_flower_fwd_presentations', 'fixed_gabors_presentations'}",35,3941.50602
a429a718-4a92-4c30-b515-d2092720333a,1069186000,sub-644972/sub-644972_ses-1237558566-acq-1237712756_image+ophys.nwb,2023-01-05 17:01:03.023000+00:00,1237558566,1237712756,0,3,4,298,VISpm,512,512,644972,M,P156.0D,Rbp4-Cre_KL100/wt;Camk2a-tTA/wt;Ai93(TITL-GCaMP6f)/wt,"{'spontaneous_presentations', 'rotate_gabors_presentations', 'movie_worms_fwd_presentations', 'movie_touch_of_evil_fwd_presentations', 'gratings_presentations', 'movie_flower_fwd_presentations', 'fixed_gabors_presentations'}",None,3946.23896
77ce4e3c-d3f4-447f-8d81-7bd6c26f6819,1069186000,sub-644972/sub-644972_ses-1237558566-acq-1237712750_image+ophys.nwb,2023-01-05 17:01:03.023000+00:00,1237558566,1237712750,0,1,4,298,VISam,512,512,644972,M,P156.0D,Rbp4-Cre_KL100/wt;Camk2a-tTA/wt;Ai93(TITL-GCaMP6f)/wt,"{'spontaneous_presentations', 'rotate_gabors_presentations', 'movie_worms_fwd_presentations', 'movie_touch_of_evil_fwd_presentations', 'gratings_presentations', 'movie_flower_fwd_presentations', 'fixed_gabors_presentations'}",None,3946.23896
88bce3f1-6939-4658-bda4-703dcf4e4ba8,1077138660,sub-644972/sub-644972_ses-1237081845-acq-1237345899_image+ophys.nwb,2023-01-03 17:03:30.439000+00:00,1237081845,1237345899,0,3,4,20,VISpm,512,512,644972,M,P154.0D,Rbp4-Cre_KL100/wt;Camk2a-tTA/wt;Ai93(TITL-GCaMP6f)/wt,"{'spontaneous_presentations', 'rotate_gabors_presentations', 'movie_worms_fwd_presentations', 'movie_touch_of_evil_fwd_presentations', 'gratings_presentations', 'movie_flower_fwd_presentations', 'fixed_gabors_presentations'}",4,3941.50602
45ecea97-66a8-466c-acb2-45d4cfa2f761,1092332920,sub-644972/sub-644972_ses-1237081845-acq-1237345898_image+ophys.nwb,2023-01-03 17:03:30.439000+00:00,1237081845,1237345898,0,2,4,324,VISl,512,512,644972,M,P154.0D,Rbp4-Cre_KL100/wt;Camk2a-tTA/wt;Ai93(TITL-GCaMP6f)/wt,"{'spontaneous_presentations', 'rotate_gabors_presentations', 'movie_worms_fwd_presentations', 'movie_touch_of_evil_fwd_presentations', 'gratings_presentations', 'movie_flower_fwd_presentations', 'fixed_gabors_presentations'}",17,3941.50602
9662964b-e2b2-43fc-84b4-a5e6dfe0a521,4008767279,sub-644972/sub-644972_ses-1238698227-acq-1238864968_image+ophys.nwb,2023-01-10 16:21:53.693000+00:00,1238698227,1238864968,0,0,4,16,VISp,512,512,644972,M,P161.0D,Rbp4-Cre_KL100/wt;Camk2a-tTA/wt;Ai93(TITL-GCaMP6f)/wt,"{'movie_flower_rev_fwd_presentations', 'movie_worms_rev_fwd_presentations', 'movie_flower_fwd_rev_presentations', 'spontaneous_presentations', 'rotate_gabors_presentations', 'movie_worms_fwd_presentations', 'movie_touch_of_evil_rev_fwd_presentations', 'movie_touch_of_evil_rev_presentations', 'gratings_presentations', 'movie_flower_fwd_presentations', 'movie_touch_of_evil_fwd_presentations', 'movie_worms_fwd_rev_presentations', 'movie_flower_rev_presentations', 'movie_worms_rev_presentations', 'fixed_gabors_presentations', 'movie_touch_of_evil_fwd_rev_presentations'}",None,3937.20052
e40b49c7-4603-4add-80bd-b4c1409fd064,4008767279,sub-644972/sub-644972_ses-1238698227-acq-1238864971_image+ophys.nwb,2023-01-10 16:21:53.693000+00:00,1238698227,1238864971,0,1,4,12,VISam,512,512,644972,M,P161.0D,Rbp4-Cre_KL100/wt;Camk2a-tTA/wt;Ai93(TITL-GCaMP6f)/wt,"{'movie_flower_rev_fwd_presentations', 'movie_worms_rev_fwd_presentations', 'movie_flower_fwd_rev_presentations', 'spontaneous_presentations', 'rotate_gabors_presentations', 'movie_worms_fwd_presentations', 'movie_touch_of_evil_rev_fwd_presentations', 'movie_touch_of_evil_rev_presentations', 'gratings_presentations', 'movie_flower_fwd_presentations', 'movie_touch_of_evil_fwd_presentations', 'movie_worms_fwd_rev_presentations', 'movie_flower_rev_presentations', 'movie_worms_rev_presentations', 'fixed_gabors_presentations', 'movie_touch_of_evil_fwd_rev_presentations'}",None,3937.20052
1375a130-f270-4ded-b56b-e43e52cc4124,4008819552,sub-644972/sub-644972_ses-1238455470-acq-1238610263_image+ophys.nwb,2023-01-09 16:25:46.633000+00:00,1238455470,1238610263,0,0,4,19,VISp,512,512,644972,M,P160.0D,Rbp4-Cre_KL100/wt;Camk2a-tTA/wt;Ai93(TITL-GCaMP6f)/wt,"{'movie_flower_rev_fwd_presentations', 'movie_worms_rev_fwd_presentations', 'movie_flower_fwd_rev_presentations', 'spontaneous_presentations', 'rotate_gabors_presentations', 'movie_worms_fwd_presentations', 'movie_touch_of_evil_rev_fwd_presentations', 'movie_touch_of_evil_rev_presentations', 'gratings_presentations', 'movie_flower_fwd_presentations', 'movie_touch_of_evil_fwd_presentations', 'movie_worms_fwd_rev_presentations', 'movie_flower_rev_presentations', 'movie_worms_rev_presentations', 'fixed_gabors_presentations', 'movie_touch_of_evil_fwd_rev_presentations'}",None,3938.25048
bb2f128a-6dd8-463c-b181-20af23a6cab5,4008767279,sub-644972/sub-644972_ses-1238698227-acq-1238864970_image+ophys.nwb,2023-01-10 16:21:53.693000+00:00,1238698227,1238864970,0,0,4,286,VISp,512,512,644972,M,P161.0D,Rbp4-Cre_KL100/wt;Camk2a-tTA/wt;Ai93(TITL-GCaMP6f)/wt,"{'movie_flower_rev_fwd_presentations', 'movie_worms_rev_fwd_presentations', 'movie_flower_fwd_rev_presentations', 'spontaneous_presentations', 'rotate_gabors_presentations', 'movie_worms_fwd_presentations', 'movie_touch_of_evil_rev_fwd_presentations', 'movie_touch_of_evil_rev_presentations', 'gratings_presentations', 'movie_flower_fwd_presentations', 'movie_touch_of_evil_fwd_presentations', 'movie_worms_fwd_rev_presentations', 'movie_flower_rev_presentations', 'movie_worms_rev_presentations', 'fixed_gabors_presentations', 'movie_touch_of_evil_fwd_rev_presentations'}",None,3937.20052
4eda9980-0c09-470a-8b40-06173c91601b,4008765509,sub-644972/sub-644972_ses-1238929581-acq-1239101626_image+ophys.nwb,2023-01-11 16:33:05.503000+00:00,1238929581,1239101626,0,3,4,24,VISpm,512,512,644972,M,P162.0D,Rbp4-Cre_KL100/wt;Camk2a-tTA/wt;Ai93(TITL-GCaMP6f)/wt,"{'movie_flower_rev_fwd_presentations', 'movie_worms_rev_fwd_presentations', 'movie_flower_fwd_rev_presentations', 'spontaneous_presentations', 'rotate_gabors_presentations', 'movie_worms_fwd_presentations', 'movie_touch_of_evil_rev_fwd_presentations', 'movie_touch_of_evil_rev_presentations', 'gratings_presentations', 'movie_flower_fwd_presentations', 'movie_touch_of_evil_fwd_presentations', 'movie_worms_fwd_rev_presentations', 'movie_flower_rev_presentations', 'movie_worms_rev_presentations', 'fixed_gabors_presentations', 'movie_touch_of_evil_fwd_rev_presentations'}",None,3937.19637
8492d2d1-f3b6-4b82-82e4-9a746a9aaf02,4008819552,sub-644972/sub-644972_ses-1238455470-acq-1238610265_image+ophys.nwb,2023-01-09 16:25:46.633000+00:00,1238455470,1238610265,0,0,4,286,VISp,512,512,644972,M,P160.0D,Rbp4-Cre_KL100/wt;Camk2a-tTA/wt;Ai93(TITL-GCaMP6f)/wt,"{'movie_flower_rev_fwd_presentations', 'movie_worms_rev_fwd_presentations', 'movie_flower_fwd_rev_presentations', 'spontaneous_presentations', 'rotate_gabors_presentations', 'movie_worms_fwd_presentations', 'movie_touch_of_evil_rev_fwd_presentations', 'movie_touch_of_evil_rev_presentations', 'gratings_presentations', 'movie_flower_fwd_presentations', 'movie_touch_of_evil_fwd_presentations', 'movie_worms_fwd_rev_presentations', 'movie_flower_rev_presentations', 'movie_worms_rev_presentations', 'fixed_gabors_presentations', 'movie_touch_of_evil_fwd_rev_presentations'}",None,3938.25048
e86b5f3f-dfb4-47f4-ac7c-f1b1dd748775,4008767279,sub-644972/sub-644972_ses-1238698227-acq-1238864973_image+ophys.nwb,2023-01-10 16:21:53.693000+00:00,1238698227,1238864973,0,1,4,297,VISam,512,512,644972,M,P161.0D,Rbp4-Cre_KL100/wt;Camk2a-tTA/wt;Ai93(TITL-GCaMP6f)/wt,"{'movie_flower_rev_fwd_presentations', 'movie_worms_rev_fwd_presentations', 'movie_flower_fwd_rev_presentations', 'spontaneous_presentations', 'rotate_gabors_presentations', 'movie_worms_fwd_presentations', 'movie_touch_of_evil_rev_fwd_presentations', 'movie_touch_of_evil_rev_presentations', 'gratings_presentations', 'movie_flower_fwd_presentations', 'movie_touch_of_evil_fwd_presentations', 'movie_worms_fwd_rev_presentations', 'movie_flower_rev_presentations', 'movie_worms_rev_presentations', 'fixed_gabors_presentations', 'movie_touch_of_evil_fwd_rev_presentations'}",None,3937.20052
998dfe6c-c958-4fc3-a380-04eea3c9f2de,4008819552,sub-644972/sub-644972_ses-1238455470-acq-1238610271_image+ophys.nwb,2023-01-09 16:25:46.633000+00:00,1238455470,1238610271,0,2,4,317,VISl,512,512,644972,M,P160.0D,Rbp4-Cre_KL100/wt;Camk2a-tTA/wt;Ai93(TITL-GCaMP6f)/wt,"{'movie_flower_rev_fwd_presentations', 'movie_worms_rev_fwd_presentations', 'movie_flower_fwd_rev_presentations', 'spontaneous_presentations', 'rotate_gabors_presentations', 'movie_worms_fwd_presentations', 'movie_touch_of_evil_rev_fwd_presentations', 'movie_touch_of_evil_rev_presentations', 'gratings_presentations', 'movie_flower_fwd_presentations', 'movie_touch_of_evil_fwd_presentations', 'movie_worms_fwd_rev_presentations', 'movie_flower_rev_presentations', 'movie_worms_rev_presentations', 'fixed_gabors_presentations', 'movie_touch_of_evil_fwd_rev_presentations'}",None,3938.25048
209a4a17-6adf-4021-a5ef-f5b06b3b6d59,4008767279,sub-644972/sub-644972_ses-1238698227-acq-1238864976_image+ophys.nwb,2023-01-10 16:21:53.693000+00:00,1238698227,1238864976,0,2,4,321,VISl,512,512,644972,M,P161.0D,Rbp4-Cre_KL100/wt;Camk2a-tTA/wt;Ai93(TITL-GCaMP6f)/wt,"{'movie_flower_rev_fwd_presentations', 'movie_worms_rev_fwd_presentations', 'movie_flower_fwd_rev_presentations', 'spontaneous_presentations', 'rotate_gabors_presentations', 'movie_worms_fwd_presentations', 'movie_touch_of_evil_rev_fwd_presentations', 'movie_touch_of_evil_rev_presentations', 'gratings_presentations', 'movie_flower_fwd_presentations', 'movie_touch_of_evil_fwd_presentations', 'movie_worms_fwd_rev_presentations', 'movie_flower_rev_presentations', 'movie_worms_rev_presentations', 'fixed_gabors_presentations', 'movie_touch_of_evil_fwd_rev_presentations'}",None,3937.20052
2a95d3f4-86d9-4f68-809d-06a4bd56d31d,4008819552,sub-644972/sub-644972_ses-1238455470-acq-1238610274_image+ophys.nwb,2023-01-09 16:25:46.633000+00:00,1238455470,1238610274,0,3,4,302,VISpm,512,512,644972,M,P160.0D,Rbp4-Cre_KL100/wt;Camk2a-tTA/wt;Ai93(TITL-GCaMP6f)/wt,"{'movie_flower_rev_fwd_presentations', 'movie_worms_rev_fwd_presentations', 'movie_flower_fwd_rev_presentations', 'spontaneous_presentations', 'rotate_gabors_presentations', 'movie_worms_fwd_presentations', 'movie_touch_of_evil_rev_fwd_presentations', 'movie_touch_of_evil_rev_presentations', 'gratings_presentations', 'movie_flower_fwd_presentations', 'movie_touch_of_evil_fwd_presentations', 'movie_worms_fwd_rev_presentations', 'movie_flower_rev_presentations', 'movie_worms_rev_presentations', 'fixed_gabors_presentations', 'movie_touch_of_evil_fwd_rev_presentations'}",None,3938.25048
68ebccf5-c043-4433-ae90-fcdf0c7eed6a,4008765509,sub-644972/sub-644972_ses-1238929581-acq-1239101622_image+ophys.nwb,2023-01-11 16:33:05.503000+00:00,1238929581,1239101622,0,1,4,300,VISam,512,512,644972,M,P162.0D,Rbp4-Cre_KL100/wt;Camk2a-tTA/wt;Ai93(TITL-GCaMP6f)/wt,"{'movie_flower_rev_fwd_presentations', 'movie_worms_rev_fwd_presentations', 'movie_flower_fwd_rev_presentations', 'spontaneous_presentations', 'rotate_gabors_presentations', 'movie_worms_fwd_presentations', 'movie_touch_of_evil_rev_fwd_presentations', 'movie_touch_of_evil_rev_presentations', 'gratings_presentations', 'movie_flower_fwd_presentations', 'movie_touch_of_evil_fwd_presentations', 'movie_worms_fwd_rev_presentations', 'movie_flower_rev_presentations', 'movie_worms_rev_presentations', 'fixed_gabors_presentations', 'movie_touch_of_evil_fwd_rev_presentations'}",None,3937.19637
9d4fee56-b579-4733-9c79-cc1a5937abf0,4008819552,sub-644972/sub-644972_ses-1238455470-acq-1238610266_image+ophys.nwb,2023-01-09 16:25:46.633000+00:00,1238455470,1238610266,0,1,4,23,VISam,512,512,644972,M,P160.0D,Rbp4-Cre_KL100/wt;Camk2a-tTA/wt;Ai93(TITL-GCaMP6f)/wt,"{'movie_flower_rev_fwd_presentations', 'movie_worms_rev_fwd_presentations', 'movie_flower_fwd_rev_presentations', 'spontaneous_presentations', 'rotate_gabors_presentations', 'movie_worms_fwd_presentations', 'movie_touch_of_evil_rev_fwd_presentations', 'movie_touch_of_evil_rev_presentations', 'gratings_presentations', 'movie_flower_fwd_presentations', 'movie_touch_of_evil_fwd_presentations', 'movie_worms_fwd_rev_presentations', 'movie_flower_rev_presentations', 'movie_worms_rev_presentations', 'fixed_gabors_presentations', 'movie_touch_of_evil_fwd_rev_presentations'}",None,3938.25048
0c04f0d9-ba3c-4512-87d4-0354a852a854,4008819552,sub-644972/sub-644972_ses-1238455470-acq-1238610272_image+ophys.nwb,2023-01-09 16:25:46.633000+00:00,1238455470,1238610272,0,3,4,19,VISpm,512,512,644972,M,P160.0D,Rbp4-Cre_KL100/wt;Camk2a-tTA/wt;Ai93(TITL-GCaMP6f)/wt,"{'movie_flower_rev_fwd_presentations', 'movie_worms_rev_fwd_presentations', 'movie_flower_fwd_rev_presentations', 'spontaneous_presentations', 'rotate_gabors_presentations', 'movie_worms_fwd_presentations', 'movie_touch_of_evil_rev_fwd_presentations', 'movie_touch_of_evil_rev_presentations', 'gratings_presentations', 'movie_flower_fwd_presentations', 'movie_touch_of_evil_fwd_presentations', 'movie_worms_fwd_rev_presentations', 'movie_flower_rev_presentations', 'movie_worms_rev_presentations', 'fixed_gabors_presentations', 'movie_touch_of_evil_fwd_rev_presentations'}",None,3938.25048
85839f8a-e1b1-4c53-be0b-dd939a781844,4008767279,sub-644972/sub-644972_ses-1238698227-acq-1238864979_image+ophys.nwb,2023-01-10 16:21:53.693000+00:00,1238698227,1238864979,0,3,4,304,VISpm,512,512,644972,M,P161.0D,Rbp4-Cre_KL100/wt;Camk2a-tTA/wt;Ai93(TITL-GCaMP6f)/wt,"{'movie_flower_rev_fwd_presentations', 'movie_worms_rev_fwd_presentations', 'movie_flower_fwd_rev_presentations', 'spontaneous_presentations', 'rotate_gabors_presentations', 'movie_worms_fwd_presentations', 'movie_touch_of_evil_rev_fwd_presentations', 'movie_touch_of_evil_rev_presentations', 'gratings_presentations', 'movie_flower_fwd_presentations', 'movie_touch_of_evil_fwd_presentations', 'movie_worms_fwd_rev_presentations', 'movie_flower_rev_presentations', 'movie_worms_rev_presentations', 'fixed_gabors_presentations', 'movie_touch_of_evil_fwd_rev_presentations'}",None,3937.20052
b8f71a52-a669-4e74-b65a-8225ca4ac91a,4008765509,sub-644972/sub-644972_ses-1238929581-acq-1239101619_image+ophys.nwb,2023-01-11 16:33:05.503000+00:00,1238929581,1239101619,0,0,4,276,VISp,512,512,644972,M,P162.0D,Rbp4-Cre_KL100/wt;Camk2a-tTA/wt;Ai93(TITL-GCaMP6f)/wt,"{'movie_flower_rev_fwd_presentations', 'movie_worms_rev_fwd_presentations', 'movie_flower_fwd_rev_presentations', 'spontaneous_presentations', 'rotate_gabors_presentations', 'movie_worms_fwd_presentations', 'movie_touch_of_evil_rev_fwd_presentations', 'movie_touch_of_evil_rev_presentations', 'gratings_presentations', 'movie_flower_fwd_presentations', 'movie_touch_of_evil_fwd_presentations', 'movie_worms_fwd_rev_presentations', 'movie_flower_rev_presentations', 'movie_worms_rev_presentations', 'fixed_gabors_presentations', 'movie_touch_of_evil_fwd_rev_presentations'}",None,3937.19637
857bbbb8-9085-43cb-ab06-47b5fe3da8ae,4008767279,sub-644972/sub-644972_ses-1238698227-acq-1238864974_image+ophys.nwb,2023-01-10 16:21:53.693000+00:00,1238698227,1238864974,0,2,4,29,VISl,512,512,644972,M,P161.0D,Rbp4-Cre_KL100/wt;Camk2a-tTA/wt;Ai93(TITL-GCaMP6f)/wt,"{'movie_flower_rev_fwd_presentations', 'movie_worms_rev_fwd_presentations', 'movie_flower_fwd_rev_presentations', 'spontaneous_presentations', 'rotate_gabors_presentations', 'movie_worms_fwd_presentations', 'movie_touch_of_evil_rev_fwd_presentations', 'movie_touch_of_evil_rev_presentations', 'gratings_presentations', 'movie_flower_fwd_presentations', 'movie_touch_of_evil_fwd_presentations', 'movie_worms_fwd_rev_presentations', 'movie_flower_rev_presentations', 'movie_worms_rev_presentations', 'fixed_gabors_presentations', 'movie_touch_of_evil_fwd_rev_presentations'}",None,3937.20052
2310ed94-567d-432c-b67d-4a292e3a5b4c,4008767279,sub-644972/sub-644972_ses-1238698227-acq-1238864977_image+ophys.nwb,2023-01-10 16:21:53.693000+00:00,1238698227,1238864977,0,3,4,24,VISpm,512,512,644972,M,P161.0D,Rbp4-Cre_KL100/wt;Camk2a-tTA/wt;Ai93(TITL-GCaMP6f)/wt,"{'movie_flower_rev_fwd_presentations', 'movie_worms_rev_fwd_presentations', 'movie_flower_fwd_rev_presentations', 'spontaneous_presentations', 'rotate_gabors_presentations', 'movie_worms_fwd_presentations', 'movie_touch_of_evil_rev_fwd_presentations', 'movie_touch_of_evil_rev_presentations', 'gratings_presentations', 'movie_flower_fwd_presentations', 'movie_touch_of_evil_fwd_presentations', 'movie_worms_fwd_rev_presentations', 'movie_flower_rev_presentations', 'movie_worms_rev_presentations', 'fixed_gabors_presentations', 'movie_touch_of_evil_fwd_rev_presentations'}",None,3937.20052
cb81d636-afde-4dce-9e5e-1bb3d39a1e8f,4008819552,sub-644972/sub-644972_ses-1238455470-acq-1238610268_image+ophys.nwb,2023-01-09 16:25:46.633000+00:00,1238455470,1238610268,0,1,4,289,VISam,512,512,644972,M,P160.0D,Rbp4-Cre_KL100/wt;Camk2a-tTA/wt;Ai93(TITL-GCaMP6f)/wt,"{'movie_flower_rev_fwd_presentations', 'movie_worms_rev_fwd_presentations', 'movie_flower_fwd_rev_presentations', 'spontaneous_presentations', 'rotate_gabors_presentations', 'movie_worms_fwd_presentations', 'movie_touch_of_evil_rev_fwd_presentations', 'movie_touch_of_evil_rev_presentations', 'gratings_presentations', 'movie_flower_fwd_presentations', 'movie_touch_of_evil_fwd_presentations', 'movie_worms_fwd_rev_presentations', 'movie_flower_rev_presentations', 'movie_worms_rev_presentations', 'fixed_gabors_presentations', 'movie_touch_of_evil_fwd_rev_presentations'}",None,3938.25048
b979fd1c-7b99-43ab-9999-74409138024f,4008819552,sub-644972/sub-644972_ses-1238455470-acq-1238610269_image+ophys.nwb,2023-01-09 16:25:46.633000+00:00,1238455470,1238610269,0,2,4,26,VISl,512,512,644972,M,P160.0D,Rbp4-Cre_KL100/wt;Camk2a-tTA/wt;Ai93(TITL-GCaMP6f)/wt,"{'movie_flower_rev_fwd_presentations', 'movie_worms_rev_fwd_presentations', 'movie_flower_fwd_rev_presentations', 'spontaneous_presentations', 'rotate_gabors_presentations', 'movie_worms_fwd_presentations', 'movie_touch_of_evil_rev_fwd_presentations', 'movie_touch_of_evil_rev_presentations', 'gratings_presentations', 'movie_flower_fwd_presentations', 'movie_touch_of_evil_fwd_presentations', 'movie_worms_fwd_rev_presentations', 'movie_flower_rev_presentations', 'movie_worms_rev_presentations', 'fixed_gabors_presentations', 'movie_touch_of_evil_fwd_rev_presentations'}",None,3938.25048
7f5ef58a-d60b-483b-a402-fb7dfe643966,4008765509,sub-644972/sub-644972_ses-1238929581-acq-1239101623_image+ophys.nwb,2023-01-11 16:33:05.503000+00:00,1238929581,1239101623,0,2,4,30,VISl,512,512,644972,M,P162.0D,Rbp4-Cre_KL100/wt;Camk2a-tTA/wt;Ai93(TITL-GCaMP6f)/wt,"{'movie_flower_rev_fwd_presentations', 'movie_worms_rev_fwd_presentations', 'movie_flower_fwd_rev_presentations', 'spontaneous_presentations', 'rotate_gabors_presentations', 'movie_worms_fwd_presentations', 'movie_touch_of_evil_rev_fwd_presentations', 'movie_touch_of_evil_rev_presentations', 'gratings_presentations', 'movie_flower_fwd_presentations', 'movie_touch_of_evil_fwd_presentations', 'movie_worms_fwd_rev_presentations', 'movie_flower_rev_presentations', 'movie_worms_rev_presentations', 'fixed_gabors_presentations', 'movie_touch_of_evil_fwd_rev_presentations'}",None,3937.19637
6d4eab56-383f-4793-8355-cbf6dc972d1d,4008765509,sub-644972/sub-644972_ses-1238929581-acq-1239101620_image+ophys.nwb,2023-01-11 16:33:05.503000+00:00,1238929581,1239101620,0,1,4,17,VISam,512,512,644972,M,P162.0D,Rbp4-Cre_KL100/wt;Camk2a-tTA/wt;Ai93(TITL-GCaMP6f)/wt,"{'movie_flower_rev_fwd_presentations', 'movie_worms_rev_fwd_presentations', 'movie_flower_fwd_rev_presentations', 'spontaneous_presentations', 'rotate_gabors_presentations', 'movie_worms_fwd_presentations', 'movie_touch_of_evil_rev_fwd_presentations', 'movie_touch_of_evil_rev_presentations', 'gratings_presentations', 'movie_flower_fwd_presentations', 'movie_touch_of_evil_fwd_presentations', 'movie_worms_fwd_rev_presentations', 'movie_flower_rev_presentations', 'movie_worms_rev_presentations', 'fixed_gabors_presentations', 'movie_touch_of_evil_fwd_rev_presentations'}",None,3937.19637
ce8cc706-98e2-4047-9268-30ed2fbad8da,4008765509,sub-644972/sub-644972_ses-1238929581-acq-1239101625_image+ophys.nwb,2023-01-11 16:33:05.503000+00:00,1238929581,1239101625,0,2,4,320,VISl,512,512,644972,M,P162.0D,Rbp4-Cre_KL100/wt;Camk2a-tTA/wt;Ai93(TITL-GCaMP6f)/wt,"{'movie_flower_rev_fwd_presentations', 'movie_worms_rev_fwd_presentations', 'movie_flower_fwd_rev_presentations', 'spontaneous_presentations', 'rotate_gabors_presentations', 'movie_worms_fwd_presentations', 'movie_touch_of_evil_rev_fwd_presentations', 'movie_touch_of_evil_rev_presentations', 'gratings_presentations', 'movie_flower_fwd_presentations', 'movie_touch_of_evil_fwd_presentations', 'movie_worms_fwd_rev_presentations', 'movie_flower_rev_presentations', 'movie_worms_rev_presentations', 'fixed_gabors_presentations', 'movie_touch_of_evil_fwd_rev_presentations'}",None,3937.19637
8ea98231-2ee7-4ae8-b570-2f0dcd977f26,4008765509,sub-644972/sub-644972_ses-1238929581-acq-1239101617_image+ophys.nwb,2023-01-11 16:33:05.503000+00:00,1238929581,1239101617,0,0,4,14,VISp,512,512,644972,M,P162.0D,Rbp4-Cre_KL100/wt;Camk2a-tTA/wt;Ai93(TITL-GCaMP6f)/wt,"{'movie_flower_rev_fwd_presentations', 'movie_worms_rev_fwd_presentations', 'movie_flower_fwd_rev_presentations', 'spontaneous_presentations', 'rotate_gabors_presentations', 'movie_worms_fwd_presentations', 'movie_touch_of_evil_rev_fwd_presentations', 'movie_touch_of_evil_rev_presentations', 'gratings_presentations', 'movie_flower_fwd_presentations', 'movie_touch_of_evil_fwd_presentations', 'movie_worms_fwd_rev_presentations', 'movie_flower_rev_presentations', 'movie_worms_rev_presentations', 'fixed_gabors_presentations', 'movie_touch_of_evil_fwd_rev_presentations'}",None,3937.19637
6b6a1bcf-4e2d-493e-978d-a4ea0ad629a0,1079424115,sub-656228/sub-656228_ses-1243569562-acq-1243680859_image+ophys.nwb,2023-01-31 00:14:32.196000+00:00,1243569562,1243680859,0,0,4,40,VISp,512,512,656228,M,P95.0D,Cux2-CreERT2/wt;Camk2a-tTA/wt;Ai93(TITL-GCaMP6f)/wt,"{'spontaneous_presentations', 'rotate_gabors_presentations', 'movie_worms_fwd_presentations', 'movie_touch_of_evil_fwd_presentations', 'gratings_presentations', 'movie_flower_fwd_presentations', 'fixed_gabors_presentations'}",6,3937.84127
5c85e7ea-306c-4015-8ae6-f11cfaab4f36,1147194447,sub-656228/sub-656228_ses-1243569562-acq-1243680861_image+ophys.nwb,2023-01-31 00:14:32.196000+00:00,1243569562,1243680861,0,0,4,150,VISp,512,512,656228,M,P95.0D,Cux2-CreERT2/wt;Camk2a-tTA/wt;Ai93(TITL-GCaMP6f)/wt,"{'spontaneous_presentations', 'rotate_gabors_presentations', 'movie_worms_fwd_presentations', 'movie_touch_of_evil_fwd_presentations', 'gratings_presentations', 'movie_flower_fwd_presentations', 'fixed_gabors_presentations'}",64,3937.84127
6ad733d2-3296-4449-9413-e2aae1268856,1110967392,sub-656228/sub-656228_ses-1243569562-acq-1243680865_image+ophys.nwb,2023-01-31 00:14:32.196000+00:00,1243569562,1243680865,0,1,4,150,VISam,512,512,656228,M,P95.0D,Cux2-CreERT2/wt;Camk2a-tTA/wt;Ai93(TITL-GCaMP6f)/wt,"{'spontaneous_presentations', 'rotate_gabors_presentations', 'movie_worms_fwd_presentations', 'movie_touch_of_evil_fwd_presentations', 'gratings_presentations', 'movie_flower_fwd_presentations', 'fixed_gabors_presentations'}",33,3937.84127
2749e848-b368-4ac5-a750-870664cd6e6b,1079415988,sub-656228/sub-656228_ses-1243569562-acq-1243680862_image+ophys.nwb,2023-01-31 00:14:32.196000+00:00,1243569562,1243680862,0,1,4,50,VISam,512,512,656228,M,P95.0D,Cux2-CreERT2/wt;Camk2a-tTA/wt;Ai93(TITL-GCaMP6f)/wt,"{'spontaneous_presentations', 'rotate_gabors_presentations', 'movie_worms_fwd_presentations', 'movie_touch_of_evil_fwd_presentations', 'gratings_presentations', 'movie_flower_fwd_presentations', 'fixed_gabors_presentations'}",6,3937.84127
4e30b32e-8d9c-4380-8550-84a7bcecb65f,1075912994,sub-656228/sub-656228_ses-1243569562-acq-1243680866_image+ophys.nwb,2023-01-31 00:14:32.196000+00:00,1243569562,1243680866,0,2,4,40,VISl,512,512,656228,M,P95.0D,Cux2-CreERT2/wt;Camk2a-tTA/wt;Ai93(TITL-GCaMP6f)/wt,"{'spontaneous_presentations', 'rotate_gabors_presentations', 'movie_worms_fwd_presentations', 'movie_touch_of_evil_fwd_presentations', 'gratings_presentations', 'movie_flower_fwd_presentations', 'fixed_gabors_presentations'}",3,3937.84127
b6d57877-5e67-4fb6-b909-a462c7f7cc14,1075917470,sub-656228/sub-656228_ses-1243805593-acq-1243928616_image+ophys.nwb,2023-01-31 20:56:12.382000+00:00,1243805593,1243928616,0,0,4,40,VISp,512,512,656228,M,P95.0D,Cux2-CreERT2/wt;Camk2a-tTA/wt;Ai93(TITL-GCaMP6f)/wt,"{'spontaneous_presentations', 'rotate_gabors_presentations', 'movie_worms_fwd_presentations', 'movie_touch_of_evil_fwd_presentations', 'gratings_presentations', 'movie_flower_fwd_presentations', 'fixed_gabors_presentations'}",3,3938.15968
3b4bf847-c392-4c94-80bf-a4711837eed2,1107503059,sub-656228/sub-656228_ses-1243569562-acq-1243680871_image+ophys.nwb,2023-01-31 00:14:32.196000+00:00,1243569562,1243680871,0,3,4,150,VISpm,512,512,656228,M,P95.0D,Cux2-CreERT2/wt;Camk2a-tTA/wt;Ai93(TITL-GCaMP6f)/wt,"{'spontaneous_presentations', 'rotate_gabors_presentations', 'movie_worms_fwd_presentations', 'movie_touch_of_evil_fwd_presentations', 'gratings_presentations', 'movie_flower_fwd_presentations', 'fixed_gabors_presentations'}",30,3937.84127
fcdf78b0-07c6-4357-95f6-51be47321566,1112124155,sub-656228/sub-656228_ses-1243569562-acq-1243680868_image+ophys.nwb,2023-01-31 00:14:32.196000+00:00,1243569562,1243680868,0,2,4,150,VISl,512,512,656228,M,P95.0D,Cux2-CreERT2/wt;Camk2a-tTA/wt;Ai93(TITL-GCaMP6f)/wt,"{'spontaneous_presentations', 'rotate_gabors_presentations', 'movie_worms_fwd_presentations', 'movie_touch_of_evil_fwd_presentations', 'gratings_presentations', 'movie_flower_fwd_presentations', 'fixed_gabors_presentations'}",34,3937.84127
82c36f8a-98c9-429e-bb84-a6eff272c2e3,1091120154,sub-656228/sub-656228_ses-1243805593-acq-1243928625_image+ophys.nwb,2023-01-31 20:56:12.382000+00:00,1243805593,1243928625,0,2,4,152,VISl,512,512,656228,M,P95.0D,Cux2-CreERT2/wt;Camk2a-tTA/wt;Ai93(TITL-GCaMP6f)/wt,"{'spontaneous_presentations', 'rotate_gabors_presentations', 'movie_worms_fwd_presentations', 'movie_touch_of_evil_fwd_presentations', 'gratings_presentations', 'movie_flower_fwd_presentations', 'fixed_gabors_presentations'}",16,3938.15968
26970af8-768a-48ae-92a1-9800baaee3c8,1117984277,sub-656228/sub-656228_ses-1243805593-acq-1243928618_image+ophys.nwb,2023-01-31 20:56:12.382000+00:00,1243805593,1243928618,0,0,4,154,VISp,512,512,656228,M,P95.0D,Cux2-CreERT2/wt;Camk2a-tTA/wt;Ai93(TITL-GCaMP6f)/wt,"{'spontaneous_presentations', 'rotate_gabors_presentations', 'movie_worms_fwd_presentations', 'movie_touch_of_evil_fwd_presentations', 'gratings_presentations', 'movie_flower_fwd_presentations', 'fixed_gabors_presentations'}",39,3938.15968
19854930-62ec-42d6-a974-33df10191942,1075911123,sub-656228/sub-656228_ses-1243805593-acq-1243928619_image+ophys.nwb,2023-01-31 20:56:12.382000+00:00,1243805593,1243928619,0,1,4,54,VISam,512,512,656228,M,P95.0D,Cux2-CreERT2/wt;Camk2a-tTA/wt;Ai93(TITL-GCaMP6f)/wt,"{'spontaneous_presentations', 'rotate_gabors_presentations', 'movie_worms_fwd_presentations', 'movie_touch_of_evil_fwd_presentations', 'gratings_presentations', 'movie_flower_fwd_presentations', 'fixed_gabors_presentations'}",3,3938.15968
7b3414e9-0700-4a0a-b7eb-1637f511f42f,1080605282,sub-656228/sub-656228_ses-1243569562-acq-1243680869_image+ophys.nwb,2023-01-31 00:14:32.196000+00:00,1243569562,1243680869,0,3,4,50,VISpm,512,512,656228,M,P95.0D,Cux2-CreERT2/wt;Camk2a-tTA/wt;Ai93(TITL-GCaMP6f)/wt,"{'spontaneous_presentations', 'rotate_gabors_presentations', 'movie_worms_fwd_presentations', 'movie_touch_of_evil_fwd_presentations', 'gratings_presentations', 'movie_flower_fwd_presentations', 'fixed_gabors_presentations'}",7,3937.84127
833b5932-e1d9-4ea5-8a14-9e5f37b94190,1075906831,sub-656228/sub-656228_ses-1243805593-acq-1243928623_image+ophys.nwb,2023-01-31 20:56:12.382000+00:00,1243805593,1243928623,0,2,4,46,VISl,512,512,656228,M,P95.0D,Cux2-CreERT2/wt;Camk2a-tTA/wt;Ai93(TITL-GCaMP6f)/wt,"{'spontaneous_presentations', 'rotate_gabors_presentations', 'movie_worms_fwd_presentations', 'movie_touch_of_evil_fwd_presentations', 'gratings_presentations', 'movie_flower_fwd_presentations', 'fixed_gabors_presentations'}",3,3938.15968
734bd68e-f432-4500-a1b7-0967d31be486,1098111819,sub-656228/sub-656228_ses-1243805593-acq-1243928622_image+ophys.nwb,2023-01-31 20:56:12.382000+00:00,1243805593,1243928622,0,1,4,152,VISam,512,512,656228,M,P95.0D,Cux2-CreERT2/wt;Camk2a-tTA/wt;Ai93(TITL-GCaMP6f)/wt,"{'spontaneous_presentations', 'rotate_gabors_presentations', 'movie_worms_fwd_presentations', 'movie_touch_of_evil_fwd_presentations', 'gratings_presentations', 'movie_flower_fwd_presentations', 'fixed_gabors_presentations'}",22,3938.15968
b6b4a0ca-d899-40a5-8ee6-3d942c82c0dd,1077087827,sub-656228/sub-656228_ses-1244303662-acq-1244660413_image+ophys.nwb,2023-02-02 21:47:44.222000+00:00,1244303662,1244660413,0,0,4,40,VISp,512,512,656228,M,P97.0D,Cux2-CreERT2/wt;Camk2a-tTA/wt;Ai93(TITL-GCaMP6f)/wt,"{'spontaneous_presentations', 'rotate_gabors_presentations', 'movie_worms_fwd_presentations', 'movie_touch_of_evil_fwd_presentations', 'gratings_presentations', 'movie_flower_fwd_presentations', 'fixed_gabors_presentations'}",4,3938.23866
97cdadac-2ace-4cb7-95fc-cbe86e5a0a11,1106281716,sub-656228/sub-656228_ses-1244303662-acq-1244660420_image+ophys.nwb,2023-02-02 21:47:44.222000+00:00,1244303662,1244660420,0,1,4,150,VISam,512,512,656228,M,P97.0D,Cux2-CreERT2/wt;Camk2a-tTA/wt;Ai93(TITL-GCaMP6f)/wt,"{'spontaneous_presentations', 'rotate_gabors_presentations', 'movie_worms_fwd_presentations', 'movie_touch_of_evil_fwd_presentations', 'gratings_presentations', 'movie_flower_fwd_presentations', 'fixed_gabors_presentations'}",29,3938.23866
c1823273-424c-4ab2-af2e-51f94eb9682b,1073581692,sub-656228/sub-656228_ses-1244303662-acq-1244660417_image+ophys.nwb,2023-02-02 21:47:44.222000+00:00,1244303662,1244660417,0,1,4,54,VISam,512,512,656228,M,P97.0D,Cux2-CreERT2/wt;Camk2a-tTA/wt;Ai93(TITL-GCaMP6f)/wt,"{'spontaneous_presentations', 'rotate_gabors_presentations', 'movie_worms_fwd_presentations', 'movie_touch_of_evil_fwd_presentations', 'gratings_presentations', 'movie_flower_fwd_presentations', 'fixed_gabors_presentations'}",1,3938.23866
762400a9-4e45-4e35-8acc-e65bd242b109,1074753486,sub-656228/sub-656228_ses-1243805593-acq-1243928626_image+ophys.nwb,2023-01-31 20:56:12.382000+00:00,1243805593,1243928626,0,3,4,52,VISpm,512,512,656228,M,P95.0D,Cux2-CreERT2/wt;Camk2a-tTA/wt;Ai93(TITL-GCaMP6f)/wt,"{'spontaneous_presentations', 'rotate_gabors_presentations', 'movie_worms_fwd_presentations', 'movie_touch_of_evil_fwd_presentations', 'gratings_presentations', 'movie_flower_fwd_presentations', 'fixed_gabors_presentations'}",2,3938.15968
b9089b0d-b4ae-4802-ab68-393d06c99996,1095831139,sub-656228/sub-656228_ses-1244303662-acq-1244660429_image+ophys.nwb,2023-02-02 21:47:44.222000+00:00,1244303662,1244660429,0,3,4,152,VISpm,512,512,656228,M,P97.0D,Cux2-CreERT2/wt;Camk2a-tTA/wt;Ai93(TITL-GCaMP6f)/wt,"{'spontaneous_presentations', 'rotate_gabors_presentations', 'movie_worms_fwd_presentations', 'movie_touch_of_evil_fwd_presentations', 'gratings_presentations', 'movie_flower_fwd_presentations', 'fixed_gabors_presentations'}",20,3938.23866
cbf1cc5c-8080-44ef-b4da-b71937270fe2,1073581692,sub-656228/sub-656228_ses-1244303662-acq-1244660421_image+ophys.nwb,2023-02-02 21:47:44.222000+00:00,1244303662,1244660421,0,2,4,48,VISl,512,512,656228,M,P97.0D,Cux2-CreERT2/wt;Camk2a-tTA/wt;Ai93(TITL-GCaMP6f)/wt,"{'spontaneous_presentations', 'rotate_gabors_presentations', 'movie_worms_fwd_presentations', 'movie_touch_of_evil_fwd_presentations', 'gratings_presentations', 'movie_flower_fwd_presentations', 'fixed_gabors_presentations'}",1,3938.23866
cdf6259a-ac9e-413d-b877-f4a3503ea5e1,1095768035,sub-656228/sub-656228_ses-1244303662-acq-1244660425_image+ophys.nwb,2023-02-02 21:47:44.222000+00:00,1244303662,1244660425,0,2,4,150,VISl,512,512,656228,M,P97.0D,Cux2-CreERT2/wt;Camk2a-tTA/wt;Ai93(TITL-GCaMP6f)/wt,"{'spontaneous_presentations', 'rotate_gabors_presentations', 'movie_worms_fwd_presentations', 'movie_touch_of_evil_fwd_presentations', 'gratings_presentations', 'movie_flower_fwd_presentations', 'fixed_gabors_presentations'}",20,3938.23866
f48fb659-e310-47b2-ba8f-b9a226f63e8f,1118000024,sub-656228/sub-656228_ses-1244303662-acq-1244660415_image+ophys.nwb,2023-02-02 21:47:44.222000+00:00,1244303662,1244660415,0,0,4,150,VISp,512,512,656228,M,P97.0D,Cux2-CreERT2/wt;Camk2a-tTA/wt;Ai93(TITL-GCaMP6f)/wt,"{'spontaneous_presentations', 'rotate_gabors_presentations', 'movie_worms_fwd_presentations', 'movie_touch_of_evil_fwd_presentations', 'gratings_presentations', 'movie_flower_fwd_presentations', 'fixed_gabors_presentations'}",39,3938.23866
00af8db9-9552-434f-a28d-f86705e65bb6,1099355543,sub-656228/sub-656228_ses-1243805593-acq-1243928628_image+ophys.nwb,2023-01-31 20:56:12.382000+00:00,1243805593,1243928628,0,3,4,152,VISpm,512,512,656228,M,P95.0D,Cux2-CreERT2/wt;Camk2a-tTA/wt;Ai93(TITL-GCaMP6f)/wt,"{'spontaneous_presentations', 'rotate_gabors_presentations', 'movie_worms_fwd_presentations', 'movie_touch_of_evil_fwd_presentations', 'gratings_presentations', 'movie_flower_fwd_presentations', 'fixed_gabors_presentations'}",23,3938.15968
67f9bb8b-9e65-4e59-bccd-b920fa09392d,1077097498,sub-656228/sub-656228_ses-1244303662-acq-1244660427_image+ophys.nwb,2023-02-02 21:47:44.222000+00:00,1244303662,1244660427,0,3,4,50,VISpm,512,512,656228,M,P97.0D,Cux2-CreERT2/wt;Camk2a-tTA/wt;Ai93(TITL-GCaMP6f)/wt,"{'spontaneous_presentations', 'rotate_gabors_presentations', 'movie_worms_fwd_presentations', 'movie_touch_of_evil_fwd_presentations', 'gratings_presentations', 'movie_flower_fwd_presentations', 'fixed_gabors_presentations'}",4,3938.23866
c7fd6217-cc9a-4427-9543-c36e95c1478d,4074081547,sub-656228/sub-656228_ses-1245548523-acq-1245937727_image+ophys.nwb,2023-02-07 21:50:38.477000+00:00,1245548523,1245937727,0,0,4,148,VISp,512,512,656228,M,P102.0D,Cux2-CreERT2/wt;Camk2a-tTA/wt;Ai93(TITL-GCaMP6f)/wt,"{'movie_flower_rev_fwd_presentations', 'movie_worms_rev_fwd_presentations', 'movie_flower_fwd_rev_presentations', 'spontaneous_presentations', 'rotate_gabors_presentations', 'movie_worms_fwd_presentations', 'movie_touch_of_evil_rev_fwd_presentations', 'movie_touch_of_evil_rev_presentations', 'gratings_presentations', 'movie_flower_fwd_presentations', 'movie_touch_of_evil_fwd_presentations', 'movie_worms_fwd_rev_presentations', 'movie_flower_rev_presentations', 'movie_worms_rev_presentations', 'fixed_gabors_presentations', 'movie_touch_of_evil_fwd_rev_presentations'}",53,3944.23512
7382bf5e-f2b4-460a-a265-b216ea5e64af,4039034997,sub-656228/sub-656228_ses-1245548523-acq-1245937730_image+ophys.nwb,2023-02-07 21:50:38.477000+00:00,1245548523,1245937730,0,1,4,146,VISam,512,512,656228,M,P102.0D,Cux2-CreERT2/wt;Camk2a-tTA/wt;Ai93(TITL-GCaMP6f)/wt,"{'movie_flower_rev_fwd_presentations', 'movie_worms_rev_fwd_presentations', 'movie_flower_fwd_rev_presentations', 'spontaneous_presentations', 'rotate_gabors_presentations', 'movie_worms_fwd_presentations', 'movie_touch_of_evil_rev_fwd_presentations', 'movie_touch_of_evil_rev_presentations', 'gratings_presentations', 'movie_flower_fwd_presentations', 'movie_touch_of_evil_fwd_presentations', 'movie_worms_fwd_rev_presentations', 'movie_flower_rev_presentations', 'movie_worms_rev_presentations', 'fixed_gabors_presentations', 'movie_touch_of_evil_fwd_rev_presentations'}",23,3944.23512
d1cac429-7064-4141-8326-e59866db4cc3,4008848667,sub-656228/sub-656228_ses-1245548523-acq-1245937725_image+ophys.nwb,2023-02-07 21:50:38.477000+00:00,1245548523,1245937725,0,0,4,36,VISp,512,512,656228,M,P102.0D,Cux2-CreERT2/wt;Camk2a-tTA/wt;Ai93(TITL-GCaMP6f)/wt,"{'movie_flower_rev_fwd_presentations', 'movie_worms_rev_fwd_presentations', 'movie_flower_fwd_rev_presentations', 'spontaneous_presentations', 'rotate_gabors_presentations', 'movie_worms_fwd_presentations', 'movie_touch_of_evil_rev_fwd_presentations', 'movie_touch_of_evil_rev_presentations', 'gratings_presentations', 'movie_flower_fwd_presentations', 'movie_touch_of_evil_fwd_presentations', 'movie_worms_fwd_rev_presentations', 'movie_flower_rev_presentations', 'movie_worms_rev_presentations', 'fixed_gabors_presentations', 'movie_touch_of_evil_fwd_rev_presentations'}",None,3944.23512
e3dc86b9-143e-4e52-bbbd-9ebee333151b,4008848667,sub-656228/sub-656228_ses-1245548523-acq-1245937728_image+ophys.nwb,2023-02-07 21:50:38.477000+00:00,1245548523,1245937728,0,1,4,46,VISam,512,512,656228,M,P102.0D,Cux2-CreERT2/wt;Camk2a-tTA/wt;Ai93(TITL-GCaMP6f)/wt,"{'movie_flower_rev_fwd_presentations', 'movie_worms_rev_fwd_presentations', 'movie_flower_fwd_rev_presentations', 'spontaneous_presentations', 'rotate_gabors_presentations', 'movie_worms_fwd_presentations', 'movie_touch_of_evil_rev_fwd_presentations', 'movie_touch_of_evil_rev_presentations', 'gratings_presentations', 'movie_flower_fwd_presentations', 'movie_touch_of_evil_fwd_presentations', 'movie_worms_fwd_rev_presentations', 'movie_flower_rev_presentations', 'movie_worms_rev_presentations', 'fixed_gabors_presentations', 'movie_touch_of_evil_fwd_rev_presentations'}",None,3944.23512
5d9224c7-59d6-4b2a-a877-9e572fca33a9,4008848667,sub-656228/sub-656228_ses-1245548523-acq-1245937734_image+ophys.nwb,2023-02-07 21:50:38.477000+00:00,1245548523,1245937734,0,3,4,42,VISpm,512,512,656228,M,P102.0D,Cux2-CreERT2/wt;Camk2a-tTA/wt;Ai93(TITL-GCaMP6f)/wt,"{'movie_flower_rev_fwd_presentations', 'movie_worms_rev_fwd_presentations', 'movie_flower_fwd_rev_presentations', 'spontaneous_presentations', 'rotate_gabors_presentations', 'movie_worms_fwd_presentations', 'movie_touch_of_evil_rev_fwd_presentations', 'movie_touch_of_evil_rev_presentations', 'gratings_presentations', 'movie_flower_fwd_presentations', 'movie_touch_of_evil_fwd_presentations', 'movie_worms_fwd_rev_presentations', 'movie_flower_rev_presentations', 'movie_worms_rev_presentations', 'fixed_gabors_presentations', 'movie_touch_of_evil_fwd_rev_presentations'}",None,3944.23512
653d552a-15fa-4782-b401-a6bdb8eeb159,4015629183,sub-656228/sub-656228_ses-1246372987-acq-1246487556_image+ophys.nwb,2023-02-10 23:46:45.438000+00:00,1246372987,1246487556,0,0,4,32,VISp,512,512,656228,M,P105.0D,Cux2-CreERT2/wt;Camk2a-tTA/wt;Ai93(TITL-GCaMP6f)/wt,"{'movie_flower_rev_fwd_presentations', 'movie_worms_rev_fwd_presentations', 'movie_flower_fwd_rev_presentations', 'spontaneous_presentations', 'rotate_gabors_presentations', 'movie_worms_fwd_presentations', 'movie_touch_of_evil_rev_fwd_presentations', 'movie_touch_of_evil_rev_presentations', 'gratings_presentations', 'movie_flower_fwd_presentations', 'movie_touch_of_evil_fwd_presentations', 'movie_worms_fwd_rev_presentations', 'movie_flower_rev_presentations', 'movie_worms_rev_presentations', 'fixed_gabors_presentations', 'movie_touch_of_evil_fwd_rev_presentations'}",3,3938.78831
09ee7436-114d-4141-9353-82a58a77f8ef,4008851419,sub-656228/sub-656228_ses-1245548523-acq-1245937731_image+ophys.nwb,2023-02-07 21:50:38.477000+00:00,1245548523,1245937731,0,2,4,50,VISl,512,512,656228,M,P102.0D,Cux2-CreERT2/wt;Camk2a-tTA/wt;Ai93(TITL-GCaMP6f)/wt,"{'movie_flower_rev_fwd_presentations', 'movie_worms_rev_fwd_presentations', 'movie_flower_fwd_rev_presentations', 'spontaneous_presentations', 'rotate_gabors_presentations', 'movie_worms_fwd_presentations', 'movie_touch_of_evil_rev_fwd_presentations', 'movie_touch_of_evil_rev_presentations', 'gratings_presentations', 'movie_flower_fwd_presentations', 'movie_touch_of_evil_fwd_presentations', 'movie_worms_fwd_rev_presentations', 'movie_flower_rev_presentations', 'movie_worms_rev_presentations', 'fixed_gabors_presentations', 'movie_touch_of_evil_fwd_rev_presentations'}",None,3944.23512
8674c7ee-5dcb-43de-a3f2-baf3cb1f103f,4055363289,sub-656228/sub-656228_ses-1245548523-acq-1245937733_image+ophys.nwb,2023-02-07 21:50:38.477000+00:00,1245548523,1245937733,0,2,4,150,VISl,512,512,656228,M,P102.0D,Cux2-CreERT2/wt;Camk2a-tTA/wt;Ai93(TITL-GCaMP6f)/wt,"{'movie_flower_rev_fwd_presentations', 'movie_worms_rev_fwd_presentations', 'movie_flower_fwd_rev_presentations', 'spontaneous_presentations', 'rotate_gabors_presentations', 'movie_worms_fwd_presentations', 'movie_touch_of_evil_rev_fwd_presentations', 'movie_touch_of_evil_rev_presentations', 'gratings_presentations', 'movie_flower_fwd_presentations', 'movie_touch_of_evil_fwd_presentations', 'movie_worms_fwd_rev_presentations', 'movie_flower_rev_presentations', 'movie_worms_rev_presentations', 'fixed_gabors_presentations', 'movie_touch_of_evil_fwd_rev_presentations'}",37,3944.23512
6a79f8d2-36c0-4476-a9f7-a75fe624fd60,4014448551,sub-656228/sub-656228_ses-1246372987-acq-1246487560_image+ophys.nwb,2023-02-10 23:46:45.438000+00:00,1246372987,1246487560,0,1,4,44,VISam,512,512,656228,M,P105.0D,Cux2-CreERT2/wt;Camk2a-tTA/wt;Ai93(TITL-GCaMP6f)/wt,"{'movie_flower_rev_fwd_presentations', 'movie_worms_rev_fwd_presentations', 'movie_flower_fwd_rev_presentations', 'spontaneous_presentations', 'rotate_gabors_presentations', 'movie_worms_fwd_presentations', 'movie_touch_of_evil_rev_fwd_presentations', 'movie_touch_of_evil_rev_presentations', 'gratings_presentations', 'movie_flower_fwd_presentations', 'movie_touch_of_evil_fwd_presentations', 'movie_worms_fwd_rev_presentations', 'movie_flower_rev_presentations', 'movie_worms_rev_presentations', 'fixed_gabors_presentations', 'movie_touch_of_evil_fwd_rev_presentations'}",2,3938.78831
26451081-c3bf-4882-81fa-797c91d40426,4063542280,sub-656228/sub-656228_ses-1246372987-acq-1246487558_image+ophys.nwb,2023-02-10 23:46:45.438000+00:00,1246372987,1246487558,0,0,4,148,VISp,512,512,656228,M,P105.0D,Cux2-CreERT2/wt;Camk2a-tTA/wt;Ai93(TITL-GCaMP6f)/wt,"{'movie_flower_rev_fwd_presentations', 'movie_worms_rev_fwd_presentations', 'movie_flower_fwd_rev_presentations', 'spontaneous_presentations', 'rotate_gabors_presentations', 'movie_worms_fwd_presentations', 'movie_touch_of_evil_rev_fwd_presentations', 'movie_touch_of_evil_rev_presentations', 'gratings_presentations', 'movie_flower_fwd_presentations', 'movie_touch_of_evil_fwd_presentations', 'movie_worms_fwd_rev_presentations', 'movie_flower_rev_presentations', 'movie_worms_rev_presentations', 'fixed_gabors_presentations', 'movie_touch_of_evil_fwd_rev_presentations'}",44,3938.78831
f3cd78fa-49c7-4395-9e35-ff971f923031,4041315937,sub-656228/sub-656228_ses-1246372987-acq-1246487563_image+ophys.nwb,2023-02-10 23:46:45.438000+00:00,1246372987,1246487563,0,1,4,142,VISam,512,512,656228,M,P105.0D,Cux2-CreERT2/wt;Camk2a-tTA/wt;Ai93(TITL-GCaMP6f)/wt,"{'movie_flower_rev_fwd_presentations', 'movie_worms_rev_fwd_presentations', 'movie_flower_fwd_rev_presentations', 'spontaneous_presentations', 'rotate_gabors_presentations', 'movie_worms_fwd_presentations', 'movie_touch_of_evil_rev_fwd_presentations', 'movie_touch_of_evil_rev_presentations', 'gratings_presentations', 'movie_flower_fwd_presentations', 'movie_touch_of_evil_fwd_presentations', 'movie_worms_fwd_rev_presentations', 'movie_flower_rev_presentations', 'movie_worms_rev_presentations', 'fixed_gabors_presentations', 'movie_touch_of_evil_fwd_rev_presentations'}",25,3938.78831
eca0ff03-e78e-4cd4-89c9-3b8cf90c0405,4043728529,sub-656228/sub-656228_ses-1245548523-acq-1245937736_image+ophys.nwb,2023-02-07 21:50:38.477000+00:00,1245548523,1245937736,0,3,4,144,VISpm,512,512,656228,M,P102.0D,Cux2-CreERT2/wt;Camk2a-tTA/wt;Ai93(TITL-GCaMP6f)/wt,"{'movie_flower_rev_fwd_presentations', 'movie_worms_rev_fwd_presentations', 'movie_flower_fwd_rev_presentations', 'spontaneous_presentations', 'rotate_gabors_presentations', 'movie_worms_fwd_presentations', 'movie_touch_of_evil_rev_fwd_presentations', 'movie_touch_of_evil_rev_presentations', 'gratings_presentations', 'movie_flower_fwd_presentations', 'movie_touch_of_evil_fwd_presentations', 'movie_worms_fwd_rev_presentations', 'movie_flower_rev_presentations', 'movie_worms_rev_presentations', 'fixed_gabors_presentations', 'movie_touch_of_evil_fwd_rev_presentations'}",27,3944.23512
67dc77a6-86bb-43c5-8e43-78384ca31e91,4008791094,sub-656228/sub-656228_ses-1246372987-acq-1246487564_image+ophys.nwb,2023-02-10 23:46:45.438000+00:00,1246372987,1246487564,0,2,4,48,VISl,512,512,656228,M,P105.0D,Cux2-CreERT2/wt;Camk2a-tTA/wt;Ai93(TITL-GCaMP6f)/wt,"{'movie_flower_rev_fwd_presentations', 'movie_worms_rev_fwd_presentations', 'movie_flower_fwd_rev_presentations', 'spontaneous_presentations', 'rotate_gabors_presentations', 'movie_worms_fwd_presentations', 'movie_touch_of_evil_rev_fwd_presentations', 'movie_touch_of_evil_rev_presentations', 'gratings_presentations', 'movie_flower_fwd_presentations', 'movie_touch_of_evil_fwd_presentations', 'movie_worms_fwd_rev_presentations', 'movie_flower_rev_presentations', 'movie_worms_rev_presentations', 'fixed_gabors_presentations', 'movie_touch_of_evil_fwd_rev_presentations'}",None,3938.78831
05477637-3f3f-4c8d-baec-b210d8e76fc2,4016786301,sub-656228/sub-656228_ses-1246372987-acq-1246487567_image+ophys.nwb,2023-02-10 23:46:45.438000+00:00,1246372987,1246487567,0,3,4,44,VISpm,512,512,656228,M,P105.0D,Cux2-CreERT2/wt;Camk2a-tTA/wt;Ai93(TITL-GCaMP6f)/wt,"{'movie_flower_rev_fwd_presentations', 'movie_worms_rev_fwd_presentations', 'movie_flower_fwd_rev_presentations', 'spontaneous_presentations', 'rotate_gabors_presentations', 'movie_worms_fwd_presentations', 'movie_touch_of_evil_rev_fwd_presentations', 'movie_touch_of_evil_rev_presentations', 'gratings_presentations', 'movie_flower_fwd_presentations', 'movie_touch_of_evil_fwd_presentations', 'movie_worms_fwd_rev_presentations', 'movie_flower_rev_presentations', 'movie_worms_rev_presentations', 'fixed_gabors_presentations', 'movie_touch_of_evil_fwd_rev_presentations'}",4,3938.78831
3e4d836e-cd48-42cf-b6e4-6a1484cba942,4043646100,sub-656228/sub-656228_ses-1246372987-acq-1246487566_image+ophys.nwb,2023-02-10 23:46:45.438000+00:00,1246372987,1246487566,0,2,4,150,VISl,512,512,656228,M,P105.0D,Cux2-CreERT2/wt;Camk2a-tTA/wt;Ai93(TITL-GCaMP6f)/wt,"{'movie_flower_rev_fwd_presentations', 'movie_worms_rev_fwd_presentations', 'movie_flower_fwd_rev_presentations', 'spontaneous_presentations', 'rotate_gabors_presentations', 'movie_worms_fwd_presentations', 'movie_touch_of_evil_rev_fwd_presentations', 'movie_touch_of_evil_rev_presentations', 'gratings_presentations', 'movie_flower_fwd_presentations', 'movie_touch_of_evil_fwd_presentations', 'movie_worms_fwd_rev_presentations', 'movie_flower_rev_presentations', 'movie_worms_rev_presentations', 'fixed_gabors_presentations', 'movie_touch_of_evil_fwd_rev_presentations'}",27,3938.78831
7de77504-92c8-43ad-9597-78892a87ea31,4034333477,sub-656228/sub-656228_ses-1246372987-acq-1246487569_image+ophys.nwb,2023-02-10 23:46:45.438000+00:00,1246372987,1246487569,0,3,4,142,VISpm,512,512,656228,M,P105.0D,Cux2-CreERT2/wt;Camk2a-tTA/wt;Ai93(TITL-GCaMP6f)/wt,"{'movie_flower_rev_fwd_presentations', 'movie_worms_rev_fwd_presentations', 'movie_flower_fwd_rev_presentations', 'spontaneous_presentations', 'rotate_gabors_presentations', 'movie_worms_fwd_presentations', 'movie_touch_of_evil_rev_fwd_presentations', 'movie_touch_of_evil_rev_presentations', 'gratings_presentations', 'movie_flower_fwd_presentations', 'movie_touch_of_evil_fwd_presentations', 'movie_worms_fwd_rev_presentations', 'movie_flower_rev_presentations', 'movie_worms_rev_presentations', 'fixed_gabors_presentations', 'movie_touch_of_evil_fwd_rev_presentations'}",19,3938.78831
2ef1e693-8364-4b4b-b73f-af093de2ae17,4036830861,sub-656228/sub-656228_ses-1247233186-acq-1247385133_image+ophys.nwb,2023-02-14 21:44:00.768000+00:00,1247233186,1247385133,0,1,4,144,VISam,512,512,656228,M,P109.0D,Cux2-CreERT2/wt;Camk2a-tTA/wt;Ai93(TITL-GCaMP6f)/wt,"{'movie_flower_rev_fwd_presentations', 'movie_worms_rev_fwd_presentations', 'movie_flower_fwd_rev_presentations', 'spontaneous_presentations', 'rotate_gabors_presentations', 'movie_worms_fwd_presentations', 'movie_touch_of_evil_rev_fwd_presentations', 'movie_touch_of_evil_rev_presentations', 'gratings_presentations', 'movie_flower_fwd_presentations', 'movie_touch_of_evil_fwd_presentations', 'movie_worms_fwd_rev_presentations', 'movie_flower_rev_presentations', 'movie_worms_rev_presentations', 'fixed_gabors_presentations', 'movie_touch_of_evil_fwd_rev_presentations'}",21,3943.08654
16722ef5-c1b3-4551-ad75-e2f74bd9d649,4008967315,sub-656228/sub-656228_ses-1247233186-acq-1247385134_image+ophys.nwb,2023-02-14 21:44:00.768000+00:00,1247233186,1247385134,0,2,4,44,VISl,512,512,656228,M,P109.0D,Cux2-CreERT2/wt;Camk2a-tTA/wt;Ai93(TITL-GCaMP6f)/wt,"{'movie_flower_rev_fwd_presentations', 'movie_worms_rev_fwd_presentations', 'movie_flower_fwd_rev_presentations', 'spontaneous_presentations', 'rotate_gabors_presentations', 'movie_worms_fwd_presentations', 'movie_touch_of_evil_rev_fwd_presentations', 'movie_touch_of_evil_rev_presentations', 'gratings_presentations', 'movie_flower_fwd_presentations', 'movie_touch_of_evil_fwd_presentations', 'movie_worms_fwd_rev_presentations', 'movie_flower_rev_presentations', 'movie_worms_rev_presentations', 'fixed_gabors_presentations', 'movie_touch_of_evil_fwd_rev_presentations'}",None,3943.08654
3051e82a-77c2-4819-a240-b57e2b044090,4043804172,sub-656228/sub-656228_ses-1247233186-acq-1247385136_image+ophys.nwb,2023-02-14 21:44:00.768000+00:00,1247233186,1247385136,0,2,4,144,VISl,512,512,656228,M,P109.0D,Cux2-CreERT2/wt;Camk2a-tTA/wt;Ai93(TITL-GCaMP6f)/wt,"{'movie_flower_rev_fwd_presentations', 'movie_worms_rev_fwd_presentations', 'movie_flower_fwd_rev_presentations', 'spontaneous_presentations', 'rotate_gabors_presentations', 'movie_worms_fwd_presentations', 'movie_touch_of_evil_rev_fwd_presentations', 'movie_touch_of_evil_rev_presentations', 'gratings_presentations', 'movie_flower_fwd_presentations', 'movie_touch_of_evil_fwd_presentations', 'movie_worms_fwd_rev_presentations', 'movie_flower_rev_presentations', 'movie_worms_rev_presentations', 'fixed_gabors_presentations', 'movie_touch_of_evil_fwd_rev_presentations'}",27,3943.08654
42b35234-d4dd-49cb-85c2-08a201ce826e,4041517083,sub-656228/sub-656228_ses-1247233186-acq-1247385130_image+ophys.nwb,2023-02-14 21:44:00.768000+00:00,1247233186,1247385130,0,0,4,152,VISp,512,512,656228,M,P109.0D,Cux2-CreERT2/wt;Camk2a-tTA/wt;Ai93(TITL-GCaMP6f)/wt,"{'movie_flower_rev_fwd_presentations', 'movie_worms_rev_fwd_presentations', 'movie_flower_fwd_rev_presentations', 'spontaneous_presentations', 'rotate_gabors_presentations', 'movie_worms_fwd_presentations', 'movie_touch_of_evil_rev_fwd_presentations', 'movie_touch_of_evil_rev_presentations', 'gratings_presentations', 'movie_flower_fwd_presentations', 'movie_touch_of_evil_fwd_presentations', 'movie_worms_fwd_rev_presentations', 'movie_flower_rev_presentations', 'movie_worms_rev_presentations', 'fixed_gabors_presentations', 'movie_touch_of_evil_fwd_rev_presentations'}",25,3943.08654
9661ce3c-372a-4f00-8db8-a68184fbc607,4014625264,sub-656228/sub-656228_ses-1247233186-acq-1247385137_image+ophys.nwb,2023-02-14 21:44:00.768000+00:00,1247233186,1247385137,0,3,4,46,VISpm,512,512,656228,M,P109.0D,Cux2-CreERT2/wt;Camk2a-tTA/wt;Ai93(TITL-GCaMP6f)/wt,"{'movie_flower_rev_fwd_presentations', 'movie_worms_rev_fwd_presentations', 'movie_flower_fwd_rev_presentations', 'spontaneous_presentations', 'rotate_gabors_presentations', 'movie_worms_fwd_presentations', 'movie_touch_of_evil_rev_fwd_presentations', 'movie_touch_of_evil_rev_presentations', 'gratings_presentations', 'movie_flower_fwd_presentations', 'movie_touch_of_evil_fwd_presentations', 'movie_worms_fwd_rev_presentations', 'movie_flower_rev_presentations', 'movie_worms_rev_presentations', 'fixed_gabors_presentations', 'movie_touch_of_evil_fwd_rev_presentations'}",2,3943.08654
aace7ef8-742f-4382-b53d-938e30c25fc9,4014619723,sub-656228/sub-656228_ses-1247233186-acq-1247385131_image+ophys.nwb,2023-02-14 21:44:00.768000+00:00,1247233186,1247385131,0,1,4,50,VISam,512,512,656228,M,P109.0D,Cux2-CreERT2/wt;Camk2a-tTA/wt;Ai93(TITL-GCaMP6f)/wt,"{'movie_flower_rev_fwd_presentations', 'movie_worms_rev_fwd_presentations', 'movie_flower_fwd_rev_presentations', 'spontaneous_presentations', 'rotate_gabors_presentations', 'movie_worms_fwd_presentations', 'movie_touch_of_evil_rev_fwd_presentations', 'movie_touch_of_evil_rev_presentations', 'gratings_presentations', 'movie_flower_fwd_presentations', 'movie_touch_of_evil_fwd_presentations', 'movie_worms_fwd_rev_presentations', 'movie_flower_rev_presentations', 'movie_worms_rev_presentations', 'fixed_gabors_presentations', 'movie_touch_of_evil_fwd_rev_presentations'}",2,3943.08654
667eb4f7-88ab-4d19-bfc1-3f9e789f5c20,4043804172,sub-656228/sub-656228_ses-1247233186-acq-1247385136_image+ophys.nwb,2023-02-14 21:44:00.768000+00:00,1247233186,1247385136,0,2,4,144,VISl,512,512,656228,M,P109.0D,Cux2-CreERT2/wt;Camk2a-tTA/wt;Ai93(TITL-GCaMP6f)/wt,"{'gratings_presentations', 'movie_touch_of_evil_fwd_presentations', 'movie_touch_of_evil_rev_presentations', 'rotate_gabors_presentations', 'movie_worms_rev_fwd_presentations', 'spontaneous_presentations', 'movie_flower_fwd_rev_presentations', 'movie_touch_of_evil_fwd_rev_presentations', 'movie_touch_of_evil_rev_fwd_presentations', 'movie_flower_rev_presentations', 'fixed_gabors_presentations', 'movie_worms_rev_presentations', 'movie_worms_fwd_presentations', 'movie_flower_rev_fwd_presentations', 'movie_flower_fwd_presentations', 'movie_worms_fwd_rev_presentations'}",27,3943.08654
8f9bd3ef-120d-4f5c-9498-ec79d477d447,4016954448,sub-656228/sub-656228_ses-1247233186-acq-1247385128_image+ophys.nwb,2023-02-14 21:44:00.768000+00:00,1247233186,1247385128,0,0,4,42,VISp,512,512,656228,M,P109.0D,Cux2-CreERT2/wt;Camk2a-tTA/wt;Ai93(TITL-GCaMP6f)/wt,"{'gratings_presentations', 'movie_touch_of_evil_fwd_presentations', 'movie_touch_of_evil_rev_presentations', 'rotate_gabors_presentations', 'movie_worms_rev_fwd_presentations', 'spontaneous_presentations', 'movie_flower_fwd_rev_presentations', 'movie_touch_of_evil_fwd_rev_presentations', 'movie_touch_of_evil_rev_fwd_presentations', 'movie_flower_rev_presentations', 'fixed_gabors_presentations', 'movie_worms_rev_presentations', 'movie_worms_fwd_presentations', 'movie_flower_rev_fwd_presentations', 'movie_flower_fwd_presentations', 'movie_worms_fwd_rev_presentations'}",4,3943.08654
