,identifier,size,path,session_time,sub_name,session_id,experiment_id,container_id,group,group_count,imaging_depth,location,fov_height,fov_width,specimen_name,sub_sex,sub_age,sub_genotype,stim_types,#_rois,session_end
0,3a99f387-2af0-4ead-9af2-b3fb6319e966,1729071576,sub-770196/sub-770196_ses-multiplane-ophys-770196-2025-03-19-14-16-39_ophys.nwb,2025-03-19 14:16:39.177500-07:00,770196,,,,,,,Structure: VISal Depth: 161,,,770196,F,P167D,Slc17a7-IRES2-Cre/wt;Camk2a-tTA/wt;Ai93(TITL-GCaMP6f)/wt,active_single_exemplar,,3917.75632
1,7c7f7ac5-3252-42c2-8172-db7d8cea3a4b,980469748,sub-770962/sub-770962_ses-multiplane-ophys-770962-2025-03-08-11-22-47_ophys.nwb,2025-03-08 11:22:47.102736-08:00,770962,,,,,,,Structure: VISal Depth: 161,,,770962,M,P152D,Slc17a7-IRES2-Cre/wt;Camk2a-tTA/wt;Ai93(TITL-GCaMP6f)/wt,active_shifting_exemplars,,3920.13876
2,6d082069-8960-4bf2-9bec-2c0e0d6c9d5f,1545544760,sub-766757/sub-766757_ses-multiplane-ophys-766757-2025-02-19-14-31-09_ophys.nwb,2025-02-19 14:31:09.098968-08:00,766757,,,,,,,Structure: VISal Depth: 148,,,766757,M,P156D,Slc17a7-IRES2-Cre/wt;Camk2a-tTA/wt;Ai93(TITL-GCaMP6f)/wt,passive,,3502.008335126589
3,004043f9-321e-445e-b695-85e04002f2f1,1535386552,sub-766757/sub-766757_ses-multiplane-ophys-766757-2025-02-21-11-52-07_ophys.nwb,2025-02-21 11:52:07.454331-08:00,766757,,,,,,,Structure: VISal Depth: 144,,,766757,M,P158D,Slc17a7-IRES2-Cre/wt;Camk2a-tTA/wt;Ai93(TITL-GCaMP6f)/wt,passive,,3495.192989971815
4,9db56b96-0a4a-4bb3-be7e-2fced9efd393,1671603180,sub-766757/sub-766757_ses-multiplane-ophys-766757-2025-02-17-09-51-19_ophys.nwb,2025-02-17 09:51:19.800644-08:00,766757,,,,,,,Structure: VISal Depth: 140,,,766757,M,P154D,Slc17a7-IRES2-Cre/wt;Camk2a-tTA/wt;Ai93(TITL-GCaMP6f)/wt,active_shifting_exemplars,,3918.31384
5,cdfcd9d0-2de5-46b4-805f-a3f91dfee8b7,1257416044,sub-770962/sub-770962_ses-multiplane-ophys-770962-2025-02-25-12-14-00_ophys.nwb,2025-02-25 12:14:00.461362-08:00,770962,,,,,,,Structure: VISal Depth: 156,,,770962,M,P141D,Slc17a7-IRES2-Cre/wt;Camk2a-tTA/wt;Ai93(TITL-GCaMP6f)/wt,active_single_exemplar,,3927.47341
6,8f2de772-089e-4c2f-bdad-87600da96bb4,1779890068,sub-766757/sub-766757_ses-multiplane-ophys-766757-2025-02-18-11-52-59_ophys.nwb,2025-02-18 11:52:59.425426-08:00,766757,,,,,,,Structure: VISal Depth: 148,,,766757,M,P155D,Slc17a7-IRES2-Cre/wt;Camk2a-tTA/wt;Ai93(TITL-GCaMP6f)/wt,active_shifting_exemplars,,3928.10182
7,4068057d-9d2d-4f58-a105-7b1e5285504e,1065200212,sub-770962/sub-770962_ses-multiplane-ophys-770962-2025-02-26-14-54-15_ophys.nwb,2025-02-26 14:54:15.081502-08:00,770962,,,,,,,Structure: VISal Depth: 156,,,770962,M,P142D,Slc17a7-IRES2-Cre/wt;Camk2a-tTA/wt;Ai93(TITL-GCaMP6f)/wt,active_single_exemplar,,3926.77283
8,c809ff72-2074-4c6e-bf91-a447261b81de,1003915216,sub-770962/sub-770962_ses-multiplane-ophys-770962-2025-03-07-13-44-33_ophys.nwb,2025-03-07 13:44:33.261721-08:00,770962,,,,,,,Structure: VISal Depth: 158,,,770962,M,P151D,Slc17a7-IRES2-Cre/wt;Camk2a-tTA/wt;Ai93(TITL-GCaMP6f)/wt,active_shifting_exemplars,,3922.32328
9,e8a5b4fd-d88a-4b39-80c3-48399374b77e,1105647156,sub-770962/sub-770962_ses-multiplane-ophys-770962-2025-03-06-15-04-15_ophys.nwb,2025-03-06 15:04:15.810958-08:00,770962,,,,,,,Structure: VISal Depth: 164,,,770962,M,P150D,Slc17a7-IRES2-Cre/wt;Camk2a-tTA/wt;Ai93(TITL-GCaMP6f)/wt,active_shifting_exemplars,,3928.34501
10,1eed7d79-ffc5-4139-8736-48159a72dfc8,1186946484,sub-770962/sub-770962_ses-multiplane-ophys-770962-2025-03-04-11-56-13_ophys.nwb,2025-03-04 11:56:13.497089-08:00,770962,,,,,,,Structure: VISal Depth: 160,,,770962,M,P148D,Slc17a7-IRES2-Cre/wt;Camk2a-tTA/wt;Ai93(TITL-GCaMP6f)/wt,active_single_exemplar,,3917.64497
11,ec8ec2f3-c09f-4e38-9bde-10137752c33e,1080498856,sub-770962/sub-770962_ses-multiplane-ophys-770962-2025-02-27-14-08-03_ophys.nwb,2025-02-27 14:08:03.886129-08:00,770962,,,,,,,Structure: VISal Depth: 161,,,770962,M,P143D,Slc17a7-IRES2-Cre/wt;Camk2a-tTA/wt;Ai93(TITL-GCaMP6f)/wt,active_single_exemplar,,3923.96671
12,c5d4942c-7f9e-4287-b36a-4ee420e375b7,1085643476,sub-770962/sub-770962_ses-multiplane-ophys-770962-2025-03-05-14-31-14_ophys.nwb,2025-03-05 14:31:14.321460-08:00,770962,,,,,,,Structure: VISal Depth: 164,,,770962,M,P149D,Slc17a7-IRES2-Cre/wt;Camk2a-tTA/wt;Ai93(TITL-GCaMP6f)/wt,active_shifting_exemplars,,3929.5155
13,6d8ee037-671b-4d9a-82dd-18a5cb80f931,970700400,sub-770962/sub-770962_ses-multiplane-ophys-770962-2025-03-13-14-20-53_ophys.nwb,2025-03-13 14:20:53.745281-07:00,770962,,,,,,,Structure: VISal Depth: 166,,,770962,M,P157D,Slc17a7-IRES2-Cre/wt;Camk2a-tTA/wt;Ai93(TITL-GCaMP6f)/wt,passive,,3471.112240179071
14,e0523d3c-46bc-45a8-b1d2-8475ec2d5eb8,1021144564,sub-770962/sub-770962_ses-multiplane-ophys-770962-2025-03-11-12-24-30_ophys.nwb,2025-03-11 12:24:30.391607-07:00,770962,,,,,,,Structure: VISal Depth: 164,,,770962,M,P155D,Slc17a7-IRES2-Cre/wt;Camk2a-tTA/wt;Ai93(TITL-GCaMP6f)/wt,active_shifting_exemplars,,3918.84257
15,5b52d1c0-df79-4a91-a068-cbfaec589f6b,1102936104,sub-770962/sub-770962_ses-multiplane-ophys-770962-2025-03-12-15-05-12_ophys.nwb,2025-03-12 15:05:12.973627-07:00,770962,,,,,,,Structure: VISal Depth: 166,,,770962,M,P156D,Slc17a7-IRES2-Cre/wt;Camk2a-tTA/wt;Ai93(TITL-GCaMP6f)/wt,passive,,3467.568005350621
16,970a6370-1c76-4397-bea3-891b6f072c8a,995088444,sub-770962/sub-770962_ses-multiplane-ophys-770962-2025-03-10-09-43-52_ophys.nwb,2025-03-10 09:43:52.313816-07:00,770962,,,,,,,Structure: VISal Depth: 164,,,770962,M,P154D,Slc17a7-IRES2-Cre/wt;Camk2a-tTA/wt;Ai93(TITL-GCaMP6f)/wt,active_shifting_exemplars,,3933.67124
17,3a4b7fe8-238f-4ee4-8d0f-7adf9920c171,1673306784,sub-770196/sub-770196_ses-multiplane-ophys-770196-2025-03-20-14-10-25_ophys.nwb,2025-03-20 14:10:25.429054-07:00,770196,,,,,,,Structure: VISal Depth: 161,,,770196,F,P168D,Slc17a7-IRES2-Cre/wt;Camk2a-tTA/wt;Ai93(TITL-GCaMP6f)/wt,active_single_exemplar,,3925.12341
18,9f54b3c1-8977-4a8d-9730-15427c1b9e98,1492263864,sub-770196/sub-770196_ses-multiplane-ophys-770196-2025-03-25-11-54-09_ophys.nwb,2025-03-25 11:54:09.249722-07:00,770196,,,,,,,Structure: VISal Depth: 159,,,770196,F,P173D,Slc17a7-IRES2-Cre/wt;Camk2a-tTA/wt;Ai93(TITL-GCaMP6f)/wt,active_single_exemplar,,3922.16563
19,b2e21eeb-1399-4040-90c0-4d5bcd42af19,1492354724,sub-770196/sub-770196_ses-multiplane-ophys-770196-2025-03-26-14-58-49_ophys.nwb,2025-03-26 14:58:49.789636-07:00,770196,,,,,,,Structure: VISal Depth: 165,,,770196,F,P174D,Slc17a7-IRES2-Cre/wt;Camk2a-tTA/wt;Ai93(TITL-GCaMP6f)/wt,active_single_exemplar,,3916.13429
20,67eb445a-253d-4b9c-a3e1-3620db56a2b4,1583871808,sub-770196/sub-770196_ses-multiplane-ophys-770196-2025-03-27-13-35-10_ophys.nwb,2025-03-27 13:35:10.278502-07:00,770196,,,,,,,Structure: VISal Depth: 161,,,770196,F,P175D,Slc17a7-IRES2-Cre/wt;Camk2a-tTA/wt;Ai93(TITL-GCaMP6f)/wt,active_single_exemplar,,3918.59023
21,6442325b-7a8b-4a9e-9236-624d7eeabe5e,1331144700,sub-770196/sub-770196_ses-multiplane-ophys-770196-2025-03-24-09-30-16_ophys.nwb,2025-03-24 09:30:16.592574-07:00,770196,,,,,,,Structure: VISal Depth: 161,,,770196,F,P172D,Slc17a7-IRES2-Cre/wt;Camk2a-tTA/wt;Ai93(TITL-GCaMP6f)/wt,active_single_exemplar,,3927.37678
22,cb28809f-8dd9-4c68-9357-056b5eaa1c15,1442057332,sub-770196/sub-770196_ses-multiplane-ophys-770196-2025-03-28-13-05-27_ophys.nwb,2025-03-28 13:05:27.880963-07:00,770196,,,,,,,Structure: VISal Depth: 153,,,770196,F,P176D,Slc17a7-IRES2-Cre/wt;Camk2a-tTA/wt;Ai93(TITL-GCaMP6f)/wt,active_shifting_exemplars,,3923.87915
23,6b9c4eb7-628f-449c-9036-c0aa250d93ca,1485511768,sub-770196/sub-770196_ses-multiplane-ophys-770196-2025-03-31-10-28-55_ophys.nwb,2025-03-31 10:28:55.155249-07:00,770196,,,,,,,Structure: VISal Depth: 155,,,770196,F,P179D,Slc17a7-IRES2-Cre/wt;Camk2a-tTA/wt;Ai93(TITL-GCaMP6f)/wt,active_shifting_exemplars,,3927.79552
24,b6c5184f-3117-41a8-8c30-e1b1d5f59484,1462916536,sub-770196/sub-770196_ses-multiplane-ophys-770196-2025-04-01-11-55-39_ophys.nwb,2025-04-01 11:55:39.074200-07:00,770196,,,,,,,Structure: VISal Depth: 163,,,770196,F,P180D,Slc17a7-IRES2-Cre/wt;Camk2a-tTA/wt;Ai93(TITL-GCaMP6f)/wt,active_shifting_exemplars,,3926.91912
25,cb81ec76-9f8a-4451-a97e-ba1eddbaffa4,1468433200,sub-770196/sub-770196_ses-multiplane-ophys-770196-2025-04-02-15-30-42_ophys.nwb,2025-04-02 15:30:42.665229-07:00,770196,,,,,,,Structure: VISal Depth: 165,,,770196,F,P181D,Slc17a7-IRES2-Cre/wt;Camk2a-tTA/wt;Ai93(TITL-GCaMP6f)/wt,active_shifting_exemplars,,3918.6171
26,c8ce6607-4b95-4809-bcda-6bcf37eded7f,1331909856,sub-770196/sub-770196_ses-multiplane-ophys-770196-2025-04-04-14-45-11_ophys.nwb,2025-04-04 14:45:11.897645-07:00,770196,,,,,,,Structure: VISal Depth: 153,,,770196,F,P183D,Slc17a7-IRES2-Cre/wt;Camk2a-tTA/wt;Ai93(TITL-GCaMP6f)/wt,passive,,3467.502745084612
27,d1d278eb-321f-41b0-bc08-cf77b682ea8b,1638608544,sub-770196/sub-770196_ses-multiplane-ophys-770196-2025-04-03-13-45-19_ophys.nwb,2025-04-03 13:45:19.758226-07:00,770196,,,,,,,Structure: VISal Depth: 159,,,770196,F,P182D,Slc17a7-IRES2-Cre/wt;Camk2a-tTA/wt;Ai93(TITL-GCaMP6f)/wt,active_shifting_exemplars,,3923.14357
28,699bb3cc-3e43-447f-a91d-4f440d56ff13,1348882124,sub-770196/sub-770196_ses-multiplane-ophys-770196-2025-04-07-14-19-43_ophys.nwb,2025-04-07 14:19:43.359890-07:00,770196,,,,,,,Structure: VISal Depth: 159,,,770196,F,P186D,Slc17a7-IRES2-Cre/wt;Camk2a-tTA/wt;Ai93(TITL-GCaMP6f)/wt,passive,,3472.4853304456938
29,02901995-4d73-458e-b8e4-f5e0cfca4fab,1830310724,sub-770966/sub-770966_ses-multiplane-ophys-770966-2025-04-29-12-40-52_ophys.nwb,2025-04-29 12:40:52.825993-07:00,770966,,,,,,,Structure: VISal Depth: 154,,,770966,F,P204D,Slc17a7-IRES2-Cre/wt;Camk2a-tTA/wt;Ai93(TITL-GCaMP6f)/wt,active_single_exemplar,,3919.87609
30,4b8c8141-ed5f-4e1a-be63-baa92c04d7ff,1800291964,sub-770966/sub-770966_ses-multiplane-ophys-770966-2025-04-30-14-46-30_ophys.nwb,2025-04-30 14:46:30.756900-07:00,770966,,,,,,,Structure: VISal Depth: 152,,,770966,F,P205D,Slc17a7-IRES2-Cre/wt;Camk2a-tTA/wt;Ai93(TITL-GCaMP6f)/wt,active_single_exemplar,,3918.06212
31,5b8ec59e-277f-43e6-bfff-8388abb348d3,1778265124,sub-770966/sub-770966_ses-multiplane-ophys-770966-2025-05-02-14-15-23_ophys.nwb,2025-05-02 14:15:23.031924-07:00,770966,,,,,,,Structure: VISal Depth: 152,,,770966,F,P207D,Slc17a7-IRES2-Cre/wt;Camk2a-tTA/wt;Ai93(TITL-GCaMP6f)/wt,active_single_exemplar,,3916.79982
32,b9c60e76-4a64-4bcd-935c-082ca729dc3b,1766566544,sub-770966/sub-770966_ses-multiplane-ophys-770966-2025-05-05-09-42-51_ophys.nwb,2025-05-05 09:42:51.253094-07:00,770966,,,,,,,Structure: VISal Depth: 150,,,770966,F,P210D,Slc17a7-IRES2-Cre/wt;Camk2a-tTA/wt;Ai93(TITL-GCaMP6f)/wt,active_single_exemplar,,3923.28509
33,6ac44346-38b3-4b95-9cf3-204033c268e4,1737094908,sub-770966/sub-770966_ses-multiplane-ophys-770966-2025-05-06-15-46-31_ophys.nwb,2025-05-06 15:46:31.388938-07:00,770966,,,,,,,Structure: VISal Depth: 154,,,770966,F,P211D,Slc17a7-IRES2-Cre/wt;Camk2a-tTA/wt;Ai93(TITL-GCaMP6f)/wt,active_shifting_exemplars,,3924.74907
34,a41b9cc5-8059-433e-abd1-b02dac2c5758,1752725548,sub-770966/sub-770966_ses-multiplane-ophys-770966-2025-05-07-14-23-24_ophys.nwb,2025-05-07 14:23:24.515134-07:00,770966,,,,,,,Structure: VISal Depth: 163,,,770966,F,P212D,Slc17a7-IRES2-Cre/wt;Camk2a-tTA/wt;Ai93(TITL-GCaMP6f)/wt,active_shifting_exemplars,,3921.41158
35,5c07c0bf-a3e1-480c-ad50-b6ee94c0981c,1742564616,sub-770966/sub-770966_ses-multiplane-ophys-770966-2025-05-16-14-10-20_ophys.nwb,2025-05-16 14:10:20.721545-07:00,770966,,,,,,,Structure: VISal Depth: 150,,,770966,F,P221D,Slc17a7-IRES2-Cre/wt;Camk2a-tTA/wt;Ai93(TITL-GCaMP6f)/wt,passive,,3501.692105096154
36,7279b2be-1703-4f1a-a01f-b6c43361ba39,1755833928,sub-770966/sub-770966_ses-multiplane-ophys-770966-2025-05-13-16-14-42_ophys.nwb,2025-05-13 16:14:42.942332-07:00,770966,,,,,,,Structure: VISal Depth: 146,,,770966,F,P218D,Slc17a7-IRES2-Cre/wt;Camk2a-tTA/wt;Ai93(TITL-GCaMP6f)/wt,active_shifting_exemplars,,3926.65574
37,08724566-f89a-45e8-8d1e-5ac4fdf299ee,1909267552,sub-770966/sub-770966_ses-multiplane-ophys-770966-2025-05-15-15-28-21_ophys.nwb,2025-05-15 15:28:21.037636-07:00,770966,,,,,,,Structure: VISal Depth: 152,,,770966,F,P220D,Slc17a7-IRES2-Cre/wt;Camk2a-tTA/wt;Ai93(TITL-GCaMP6f)/wt,active_shifting_exemplars,,3924.08409
38,d41d576c-e551-4ca6-8297-bc49f004cf48,1858235440,sub-770966/sub-770966_ses-multiplane-ophys-770966-2025-05-12-16-11-33_ophys.nwb,2025-05-12 16:11:33.413032-07:00,770966,,,,,,,Structure: VISal Depth: 128,,,770966,F,P217D,Slc17a7-IRES2-Cre/wt;Camk2a-tTA/wt;Ai93(TITL-GCaMP6f)/wt,active_shifting_exemplars,,3921.60029
39,bb8a4d6e-f40b-48a9-b9c6-7b679b169e52,1674646436,sub-784492/sub-784492_ses-multiplane-ophys-784492-2025-05-20-16-27-00_ophys.nwb,2025-05-20 16:27:00.866937-07:00,784492,,,,,,,Structure: VISal Depth: 150,,,784492,M,P146D,Slc17a7-IRES2-Cre/wt;Camk2a-tTA/wt;Ai93(TITL-GCaMP6f)/wt,active_single_exemplar,,3923.49858
40,984e482a-2b07-4004-9d17-04d22bf96687,1503368376,sub-784492/sub-784492_ses-multiplane-ophys-784492-2025-05-23-14-40-58_ophys.nwb,2025-05-23 14:40:58.174693-07:00,784492,,,,,,,Structure: VISal Depth: 152,,,784492,M,P149D,Slc17a7-IRES2-Cre/wt;Camk2a-tTA/wt;Ai93(TITL-GCaMP6f)/wt,active_single_exemplar,,3923.48871
41,f1ce147b-c033-4f1d-bd12-78bba28e68fb,1674640620,sub-784492/sub-784492_ses-multiplane-ophys-784492-2025-05-21-14-43-57_ophys.nwb,2025-05-21 14:43:57.733961-07:00,784492,,,,,,,Structure: VISal Depth: 146,,,784492,M,P147D,Slc17a7-IRES2-Cre/wt;Camk2a-tTA/wt;Ai93(TITL-GCaMP6f)/wt,active_single_exemplar,,3922.73452
42,6cc6c965-5633-4c94-a166-061d5fb94391,1612839260,sub-784492/sub-784492_ses-multiplane-ophys-784492-2025-05-22-14-57-58_ophys.nwb,2025-05-22 14:57:58.473640-07:00,784492,,,,,,,Structure: VISal Depth: 154,,,784492,M,P148D,Slc17a7-IRES2-Cre/wt;Camk2a-tTA/wt;Ai93(TITL-GCaMP6f)/wt,active_single_exemplar,,3924.1379
43,b422c589-cf6a-493e-aa87-ebec2df75c15,1396423956,sub-784492/sub-784492_ses-multiplane-ophys-784492-2025-05-28-14-55-06_ophys.nwb,2025-05-28 14:55:06.645699-07:00,784492,,,,,,,Structure: VISal Depth: 152,,,784492,M,P154D,Slc17a7-IRES2-Cre/wt;Camk2a-tTA/wt;Ai93(TITL-GCaMP6f)/wt,active_shifting_exemplars,,3921.47313
44,889e8587-4f32-40aa-8de5-175d7d98f358,1304774236,sub-770194/sub-770194_ses-multiplane-ophys-770194-2025-04-25-14-09-59_ophys.nwb,2025-04-25 14:09:59.648444-07:00,770194,,,,,,,Structure: VISal Depth: 159,,,770194,M,P204D,Slc17a7-IRES2-Cre/wt;Camk2a-tTA/wt;Ai93(TITL-GCaMP6f)/wt,passive,,3470.112700592525
45,670a7a30-0946-460e-ba10-a83267d9b36d,1335283316,sub-770194/sub-770194_ses-multiplane-ophys-770194-2025-04-28-14-59-35_ophys.nwb,2025-04-28 14:59:35.684531-07:00,770194,,,,,,,Structure: VISal Depth: 161,,,770194,M,P207D,Slc17a7-IRES2-Cre/wt;Camk2a-tTA/wt;Ai93(TITL-GCaMP6f)/wt,passive,,3471.119645361421
46,32e46125-c9ea-4ec4-8528-bf96db023c85,1501994340,sub-770194/sub-770194_ses-multiplane-ophys-770194-2025-04-24-15-01-54_ophys.nwb,2025-04-24 15:01:54.135177-07:00,770194,,,,,,,Structure: VISal Depth: 157,,,770194,M,P203D,Slc17a7-IRES2-Cre/wt;Camk2a-tTA/wt;Ai93(TITL-GCaMP6f)/wt,active_shifting_exemplars,,3923.1802
47,d81eee92-91ee-474c-b656-103f94f5b50b,1353441100,sub-770194/sub-770194_ses-multiplane-ophys-770194-2025-04-15-11-50-22_ophys.nwb,2025-04-15 11:50:22.194303-07:00,770194,,,,,,,Structure: VISal Depth: 141,,,770194,M,P194D,Slc17a7-IRES2-Cre/wt;Camk2a-tTA/wt;Ai93(TITL-GCaMP6f)/wt,active_shifting_exemplars,,3928.51345
48,f3a5dad2-a101-4569-8dd1-867c41f76e9e,1449029752,sub-770194/sub-770194_ses-multiplane-ophys-770194-2025-04-14-10-07-21_ophys.nwb,2025-04-14 10:07:21.162325-07:00,770194,,,,,,,Structure: VISal Depth: 151,,,770194,M,P193D,Slc17a7-IRES2-Cre/wt;Camk2a-tTA/wt;Ai93(TITL-GCaMP6f)/wt,active_shifting_exemplars,,3931.58498
49,ac165833-d5b6-4e03-8d41-d5b6a1078283,1450882180,sub-770194/sub-770194_ses-multiplane-ophys-770194-2025-04-10-15-20-03_ophys.nwb,2025-04-10 15:20:03.669612-07:00,770194,,,,,,,Structure: VISal Depth: 149,,,770194,M,P189D,Slc17a7-IRES2-Cre/wt;Camk2a-tTA/wt;Ai93(TITL-GCaMP6f)/wt,active_single_exemplar,,3924.80366
50,64b4cdba-8c43-4eab-b7cb-40fe563ae05b,1469139180,sub-770194/sub-770194_ses-multiplane-ophys-770194-2025-04-17-14-54-46_ophys.nwb,2025-04-17 14:54:46.958645-07:00,770194,,,,,,,Structure: VISal Depth: 152,,,770194,M,P196D,Slc17a7-IRES2-Cre/wt;Camk2a-tTA/wt;Ai93(TITL-GCaMP6f)/wt,active_shifting_exemplars,,3926.95314
51,2d94680c-f5f2-4181-a0b5-726286c8087b,1487157480,sub-770194/sub-770194_ses-multiplane-ophys-770194-2025-04-18-14-05-33_ophys.nwb,2025-04-18 14:05:33.346006-07:00,770194,,,,,,,Structure: VISal Depth: 152,,,770194,M,P197D,Slc17a7-IRES2-Cre/wt;Camk2a-tTA/wt;Ai93(TITL-GCaMP6f)/wt,active_shifting_exemplars,,3922.36353
52,e02d7725-5383-4996-b6b4-d983a4654e3c,1594967040,sub-770194/sub-770194_ses-multiplane-ophys-770194-2025-04-08-12-30-22_ophys.nwb,2025-04-08 12:30:22.998438-07:00,770194,,,,,,,Structure: VISal Depth: 153,,,770194,M,P187D,Slc17a7-IRES2-Cre/wt;Camk2a-tTA/wt;Ai93(TITL-GCaMP6f)/wt,active_single_exemplar,,3924.59322
53,1f377f16-90b3-4861-b95b-1e6e9cbc64e0,1406331848,sub-770194/sub-770194_ses-multiplane-ophys-770194-2025-04-11-14-44-01_ophys.nwb,2025-04-11 14:44:01.813782-07:00,770194,,,,,,,Structure: VISal Depth: 149,,,770194,M,P190D,Slc17a7-IRES2-Cre/wt;Camk2a-tTA/wt;Ai93(TITL-GCaMP6f)/wt,active_single_exemplar,,3922.4193
54,783f0211-a484-4033-b2e5-a695701e4b98,1567637488,sub-770194/sub-770194_ses-multiplane-ophys-770194-2025-04-09-14-05-48_ophys.nwb,2025-04-09 14:05:48.489506-07:00,770194,,,,,,,Structure: VISal Depth: 153,,,770194,M,P188D,Slc17a7-IRES2-Cre/wt;Camk2a-tTA/wt;Ai93(TITL-GCaMP6f)/wt,active_single_exemplar,,3927.49103
55,2a600d5a-7e02-4c59-9a3e-06ba0cd26c33,1099221720,sub-740067/sub-740067_ses-multiplane-ophys-740067-2024-09-27-09-13-52_ophys.nwb,2024-09-27 09:13:52-07:00,740067,,,,,,,Structure: VISal Depth: 148,,,740067,M,P149D,Slc17a7-IRES2-Cre/wt;Camk2a-tTA/wt;Ai93(TITL-GCaMP6f)/wt,passive,,3504.9698307931844
56,52c0716a-2eac-4bb5-a574-9a5f54200382,1179373320,sub-740066/sub-740066_ses-multiplane-ophys-740066-2024-10-11-09-08-12_ophys.nwb,2024-10-11 09:08:12.921200-07:00,740066,,,,,,,Structure: VISal Depth: 146,,,740066,M,P163D,Slc17a7-IRES2-Cre/wt;Camk2a-tTA/wt;Ai93(TITL-GCaMP6f)/wt,passive,,3616.155780428016
57,4c744966-bc29-425f-99b9-836cb8f1440a,1076064772,sub-740067/sub-740067_ses-multiplane-ophys-740067-2024-09-20-09-21-49_ophys.nwb,2024-09-20 09:21:49-07:00,740067,,,,,,,Structure: VISal Depth: 156,,,740067,M,P142D,Slc17a7-IRES2-Cre/wt;Camk2a-tTA/wt;Ai93(TITL-GCaMP6f)/wt,passive,,3506.5567070564043
58,c0812fea-f394-48d3-a9c4-c19c72d2dca5,1200816852,sub-740067/sub-740067_ses-multiplane-ophys-740067-2024-09-25-09-26-11_ophys.nwb,2024-09-25 09:26:11-07:00,740067,,,,,,,Structure: VISal Depth: 140,,,740067,M,P147D,Slc17a7-IRES2-Cre/wt;Camk2a-tTA/wt;Ai93(TITL-GCaMP6f)/wt,passive,,3486.102905632184
59,df9c631e-7216-4868-ba77-eda740df2bd0,1238658532,sub-741824/sub-741824_ses-multiplane-ophys-741824-2024-10-29-12-08-55_ophys.nwb,2024-10-29 12:08:55.951912-07:00,741824,,,,,,,Structure: VISal Depth: 178,,,741824,F,P171D,Slc17a7-IRES2-Cre/wt;Camk2a-tTA/wt;Ai93(TITL-GCaMP6f)/wt,passive,,3499.1365116666666
60,74297073-b4b2-488d-a048-fdfdfcbd2949,1362865216,sub-740066/sub-740066_ses-multiplane-ophys-740066-2024-10-16-11-51-06_ophys.nwb,2024-10-16 11:51:06.805598-07:00,740066,,,,,,,Structure: VISal Depth: 146,,,740066,M,P168D,Slc17a7-IRES2-Cre/wt;Camk2a-tTA/wt;Ai93(TITL-GCaMP6f)/wt,passive,,3498.9040980436366
61,e497cd41-c3c5-4675-b812-ec862578a100,1599961960,sub-740066/sub-740066_ses-multiplane-ophys-740066-2024-10-30-09-20-54_ophys.nwb,2024-10-30 09:20:54.149923-07:00,740066,,,,,,,Structure: VISal Depth: 138,,,740066,M,P182D,Slc17a7-IRES2-Cre/wt;Camk2a-tTA/wt;Ai93(TITL-GCaMP6f)/wt,passive,,3502.714683887147
62,5751dc9a-a2b8-4758-8eed-e18a80941f49,1455573424,sub-740066/sub-740066_ses-multiplane-ophys-740066-2024-10-23-12-08-15_ophys.nwb,2024-10-23 12:08:15.830959-07:00,740066,,,,,,,Structure: VISal Depth: 144,,,740066,M,P175D,Slc17a7-IRES2-Cre/wt;Camk2a-tTA/wt;Ai93(TITL-GCaMP6f)/wt,passive,,3515.4067887285223
63,22955fab-3544-44e7-b5c9-35965a56613e,1320148228,sub-740067/sub-740067_ses-multiplane-ophys-740067-2024-10-24-09-52-12_ophys.nwb,2024-10-24 09:52:12.150686-07:00,740067,,,,,,,Structure: VISal Depth: 138,,,740067,M,P176D,Slc17a7-IRES2-Cre/wt;Camk2a-tTA/wt;Ai93(TITL-GCaMP6f)/wt,passive,,3515.527833770101
64,ed5ff8c6-7887-4bd7-9c0b-36b28db56f62,1188294316,sub-740067/sub-740067_ses-multiplane-ophys-740067-2024-10-15-09-09-41_ophys.nwb,2024-10-15 09:09:41.639442-07:00,740067,,,,,,,Structure: VISal Depth: 148,,,740067,M,P167D,Slc17a7-IRES2-Cre/wt;Camk2a-tTA/wt;Ai93(TITL-GCaMP6f)/wt,passive,,3501.569270415617
65,b3a349a4-c320-4bc8-b4ec-8a4927244397,1316616508,sub-741824/sub-741824_ses-multiplane-ophys-741824-2024-10-23-15-06-03_ophys.nwb,2024-10-23 15:06:03.048225-07:00,741824,,,,,,,Structure: VISal Depth: 173,,,741824,F,P165D,Slc17a7-IRES2-Cre/wt;Camk2a-tTA/wt;Ai93(TITL-GCaMP6f)/wt,passive,,3503.49897
66,443c4c82-b729-49b5-9c41-00e8e721307b,1001114456,sub-740067/sub-740067_ses-multiplane-ophys-740067-2024-10-17-09-26-31_ophys.nwb,2024-10-17 09:26:31.861540-07:00,740067,,,,,,,Structure: VISal Depth: 150,,,740067,M,P169D,Slc17a7-IRES2-Cre/wt;Camk2a-tTA/wt;Ai93(TITL-GCaMP6f)/wt,passive,,3503.9649884195064
67,f2e2b443-039e-49ac-8648-184237c67cd9,1328545604,sub-741824/sub-741824_ses-multiplane-ophys-741824-2024-11-04-15-17-15_ophys.nwb,2024-11-04 15:17:15.155976-08:00,741824,,,,,,,Structure: VISal Depth: 148,,,741824,F,P177D,Slc17a7-IRES2-Cre/wt;Camk2a-tTA/wt;Ai93(TITL-GCaMP6f)/wt,passive,,3499.32877
68,f88a3134-5a9e-4a69-b74f-70985d289468,1267464448,sub-741824/sub-741824_ses-multiplane-ophys-741824-2024-10-21-13-29-58_ophys.nwb,2024-10-21 13:29:58.378670-07:00,741824,,,,,,,Structure: VISal Depth: 152,,,741824,F,P163D,Slc17a7-IRES2-Cre/wt;Camk2a-tTA/wt;Ai93(TITL-GCaMP6f)/wt,passive,,3500.7942500000004
69,3c9780b6-e80b-4d44-9a3d-04cdda910900,1398524940,sub-740066/sub-740066_ses-multiplane-ophys-740066-2024-10-14-08-42-28_ophys.nwb,2024-10-14 08:42:28.307311-07:00,740066,,,,,,,Structure: VISal Depth: 146,,,740066,M,P166D,Slc17a7-IRES2-Cre/wt;Camk2a-tTA/wt;Ai93(TITL-GCaMP6f)/wt,passive,,3497.864441944771
70,424259c6-8b56-4030-b6da-0ac519429179,1130119760,sub-741824/sub-741824_ses-multiplane-ophys-741824-2024-11-08-12-09-18_ophys.nwb,2024-11-08 12:09:18.734725-08:00,741824,,,,,,,Structure: VISal Depth: 151,,,741824,F,P181D,Slc17a7-IRES2-Cre/wt;Camk2a-tTA/wt;Ai93(TITL-GCaMP6f)/wt,passive,,3498.8142525646126
71,552dba1f-8bb0-4970-ad9f-cb837ea0fba2,1252237780,sub-741824/sub-741824_ses-multiplane-ophys-741824-2024-11-06-14-28-22_ophys.nwb,2024-11-06 14:28:22.527119-08:00,741824,,,,,,,Structure: VISal Depth: 148,,,741824,F,P179D,Slc17a7-IRES2-Cre/wt;Camk2a-tTA/wt;Ai93(TITL-GCaMP6f)/wt,passive,,3501.0713800000003
72,80f51999-f281-4563-8927-b1557c4a3a57,1131237928,sub-740067/sub-740067_ses-multiplane-ophys-740067-2024-10-07-10-02-08_ophys.nwb,2024-10-07 10:02:08.074294-07:00,740067,,,,,,,Structure: VISal Depth: 154,,,740067,M,P159D,Slc17a7-IRES2-Cre/wt;Camk2a-tTA/wt;Ai93(TITL-GCaMP6f)/wt,passive,,3500.402379947121
73,a3732e26-9774-4662-b942-3bac4c21d518,1077840852,sub-740066/sub-740066_ses-multiplane-ophys-740066-2024-09-26-09-13-55_ophys.nwb,2024-09-26 09:13:55-07:00,740066,,,,,,,Structure: VISal Depth: 148,,,740066,M,P148D,Slc17a7-IRES2-Cre/wt;Camk2a-tTA/wt;Ai93(TITL-GCaMP6f)/wt,passive,,3424.54385833725
74,b9d8ce70-a02a-41ff-ac48-b6672ba37a19,1701543436,sub-740066/sub-740066_ses-multiplane-ophys-740066-2024-11-01-09-07-34_ophys.nwb,2024-11-01 09:07:34.741814-07:00,740066,,,,,,,Structure: VISal Depth: 144,,,740066,M,P184D,Slc17a7-IRES2-Cre/wt;Camk2a-tTA/wt;Ai93(TITL-GCaMP6f)/wt,passive,,3502.766306016949
75,7ff7b6c7-7c27-4789-8bbf-e1543c85c40d,1143742896,sub-740067/sub-740067_ses-multiplane-ophys-740067-2024-10-03-09-14-54_ophys.nwb,2024-10-03 09:14:54-07:00,740067,,,,,,,Structure: VISal Depth: 146,,,740067,M,P155D,Slc17a7-IRES2-Cre/wt;Camk2a-tTA/wt;Ai93(TITL-GCaMP6f)/wt,passive,,3504.703155840188
76,10a3c193-2d08-46ac-8770-5026082cf1a8,1596396372,sub-745909/sub-745909_ses-multiplane-ophys-745909-2024-11-11-09-09-06_ophys.nwb,2024-11-11 09:09:06.300146-08:00,745909,,,,,,,Structure: VISal Depth: 156,,,745909,M,P162D,Slc17a7-IRES2-Cre/wt;Camk2a-tTA/wt;Ai93(TITL-GCaMP6f)/wt,passive,,3501.86367
77,389ee3f2-bd09-4a64-9bba-8ffa26fae28b,1539357808,sub-745909/sub-745909_ses-multiplane-ophys-745909-2024-11-15-09-07-46_ophys.nwb,2024-11-15 09:07:46.730464-08:00,745909,,,,,,,Structure: VISal Depth: 162,,,745909,M,P166D,Slc17a7-IRES2-Cre/wt;Camk2a-tTA/wt;Ai93(TITL-GCaMP6f)/wt,passive,,3525.09023
78,a67340e7-c1d8-4776-a8c2-8d8950f9eaf3,1509090644,sub-745909/sub-745909_ses-multiplane-ophys-745909-2024-11-04-09-11-18_ophys.nwb,2024-11-04 09:11:18.943409-08:00,745909,,,,,,,Structure: VISal Depth: 160,,,745909,M,P155D,Slc17a7-IRES2-Cre/wt;Camk2a-tTA/wt;Ai93(TITL-GCaMP6f)/wt,passive,,3501.40725
79,11a6decc-e963-4f6c-bbe3-2c9954bd1e93,1267458632,sub-741824/sub-741824_ses-multiplane-ophys-741824-2024-11-12-12-05-38_ophys.nwb,2024-11-12 12:05:38.038383-08:00,741824,,,,,,,Structure: VISal Depth: 151,,,741824,F,P185D,Slc17a7-IRES2-Cre/wt;Camk2a-tTA/wt;Ai93(TITL-GCaMP6f)/wt,passive,,3508.1841
80,7fc7f1fb-a00f-4911-b1eb-8356d181370b,1430658284,sub-745909/sub-745909_ses-multiplane-ophys-745909-2024-12-12-09-17-17_ophys.nwb,2024-12-12 09:17:17.780622-08:00,745909,,,,,,,Structure: VISal Depth: 160,,,745909,M,P193D,Slc17a7-IRES2-Cre/wt;Camk2a-tTA/wt;Ai93(TITL-GCaMP6f)/wt,passive,,3518.049124900118
81,47a7cbb4-23ec-443c-89e8-bc14caf72907,1296401480,sub-741824/sub-741824_ses-multiplane-ophys-741824-2024-11-18-14-22-20_ophys.nwb,2024-11-18 14:22:20-08:00,741824,,,,,,,Structure: VISal Depth: 146,,,741824,F,P191D,Slc17a7-IRES2-Cre/wt;Camk2a-tTA/wt;Ai93(TITL-GCaMP6f)/wt,passive,,3548.48788
82,6cac609b-b896-44a7-9b73-aaa3ae39e2fe,1029640028,sub-746989/sub-746989_ses-multiplane-ophys-746989-2024-11-05-12-17-39_ophys.nwb,2024-11-05 12:17:39.324600-08:00,746989,,,,,,,Structure: VISal Depth: 150,,,746989,F,P151D,Slc17a7-IRES2-Cre/wt;Camk2a-tTA/wt;Ai93(TITL-GCaMP6f)/wt,passive,,2820.09835
83,997bc7c3-31df-4915-ae44-8756d1e727af,984281352,sub-746989/sub-746989_ses-multiplane-ophys-746989-2024-11-07-14-06-37_ophys.nwb,2024-11-07 14:06:37.722111-08:00,746989,,,,,,,Structure: VISal Depth: 144,,,746989,F,P153D,Slc17a7-IRES2-Cre/wt;Camk2a-tTA/wt;Ai93(TITL-GCaMP6f)/wt,passive,,3502.5104100000003
84,da8f564a-bb05-4121-ace8-c263617c2c45,1496587464,sub-745909/sub-745909_ses-multiplane-ophys-745909-2024-11-20-09-21-27_ophys.nwb,2024-11-20 09:21:27-08:00,745909,,,,,,,Structure: VISal Depth: 152,,,745909,M,P171D,Slc17a7-IRES2-Cre/wt;Camk2a-tTA/wt;Ai93(TITL-GCaMP6f)/wt,passive,,3510.5891511627906
85,d02a5ff9-6b2a-4abe-b955-e31f81d5f160,909653708,sub-746989/sub-746989_ses-multiplane-ophys-746989-2024-11-01-14-02-49_ophys.nwb,2024-11-01 14:02:49.289467-07:00,746989,,,,,,,Structure: VISal Depth: 180,,,746989,F,P147D,Slc17a7-IRES2-Cre/wt;Camk2a-tTA/wt;Ai93(TITL-GCaMP6f)/wt,passive,,3490.1967
86,ee93f2f9-db91-411f-b02b-d8964964bbf5,1304799000,sub-749011/sub-749011_ses-multiplane-ophys-749011-2024-12-09-14-54-16_ophys.nwb,2024-12-09 14:54:16.985628-08:00,749011,,,,,,,Structure: VISal Depth: 148,,,749011,M,P172D,Slc17a7-IRES2-Cre/wt;Camk2a-tTA/wt;Ai93(TITL-GCaMP6f)/wt,passive,,3501.21643
87,7e64ca4b-dbaf-413a-a112-0801844c6c68,1496604536,sub-745909/sub-745909_ses-multiplane-ophys-745909-2024-12-04-09-42-47_ophys.nwb,2024-12-04 09:42:47-08:00,745909,,,,,,,Structure: VISal Depth: 158,,,745909,M,P185D,Slc17a7-IRES2-Cre/wt;Camk2a-tTA/wt;Ai93(TITL-GCaMP6f)/wt,passive,,3586.269970686747
88,3295026c-61f6-446a-b476-f8603e0dc0bd,1287911692,sub-749011/sub-749011_ses-multiplane-ophys-749011-2024-11-26-11-46-45_ophys.nwb,2024-11-26 11:46:45-08:00,749011,,,,,,,Structure: VISal Depth: 146,,,749011,M,P159D,Slc17a7-IRES2-Cre/wt;Camk2a-tTA/wt;Ai93(TITL-GCaMP6f)/wt,passive,,3468.2807000000003
89,65d66096-02d6-4ced-b6a2-8e6cdc86a63f,1441372176,sub-745909/sub-745909_ses-multiplane-ophys-745909-2024-12-19-09-15-51_ophys.nwb,2024-12-19 09:15:51-08:00,745909,,,,,,,Structure: VISal Depth: 162,,,745909,M,P200D,Slc17a7-IRES2-Cre/wt;Camk2a-tTA/wt;Ai93(TITL-GCaMP6f)/wt,passive,,3531.5045591774383
90,8c9dae78-6e3d-47ec-9c7f-eda512f7cc3e,1328575948,sub-749011/sub-749011_ses-multiplane-ophys-749011-2024-12-03-11-51-19_ophys.nwb,2024-12-03 11:51:19-08:00,749011,,,,,,,Structure: VISal Depth: 149,,,749011,M,P166D,Slc17a7-IRES2-Cre/wt;Camk2a-tTA/wt;Ai93(TITL-GCaMP6f)/wt,passive,,3586.59364
91,67a81078-fa31-4b23-962d-4adff1586ed5,1284411572,sub-749011/sub-749011_ses-multiplane-ophys-749011-2024-11-22-14-26-48_ophys.nwb,2024-11-22 14:26:48-08:00,749011,,,,,,,Structure: VISal Depth: 162,,,749011,M,P155D,Slc17a7-IRES2-Cre/wt;Camk2a-tTA/wt;Ai93(TITL-GCaMP6f)/wt,passive,,3498.9765300000004
92,8cf7a77d-65a4-4c40-af53-bd8324e5bb4b,1267486000,sub-741824/sub-741824_ses-multiplane-ophys-741824-2024-10-31-15-45-01_ophys.nwb,2024-10-31 15:45:01.709683-07:00,741824,,,,,,,Structure: VISal Depth: 168,,,741824,F,P173D,Slc17a7-IRES2-Cre/wt;Camk2a-tTA/wt;Ai93(TITL-GCaMP6f)/wt,passive,,3502.5635500000003
93,148cf3c6-3d8e-4b13-9fb4-2f12a9eaa63b,1374370424,sub-749011/sub-749011_ses-multiplane-ophys-749011-2024-12-11-10-19-46_ophys.nwb,2024-12-11 10:19:46.673698-08:00,749011,,,,,,,Structure: VISal Depth: 138,,,749011,M,P174D,Slc17a7-IRES2-Cre/wt;Camk2a-tTA/wt;Ai93(TITL-GCaMP6f)/wt,passive,,3475.5167
94,ed10080c-7243-40e5-9d40-06b9781d6a1f,1362376816,sub-749011/sub-749011_ses-multiplane-ophys-749011-2024-12-19-15-29-08_ophys.nwb,2024-12-19 15:29:08-08:00,749011,,,,,,,Structure: VISal Depth: 156,,,749011,M,P182D,Slc17a7-IRES2-Cre/wt;Camk2a-tTA/wt;Ai93(TITL-GCaMP6f)/wt,passive,,3505.09005
95,60fa6085-d4b8-4030-99c7-b7a54d20b622,16478588,sub-749011/sub-749011_ses-multiplane-ophys-749011-2024-12-17-11-55-57.nwb,2024-12-17 11:55:57-08:00,749011,,,,,,,,,,749011,M,P180D,Slc17a7-IRES2-Cre/wt;Camk2a-tTA/wt;Ai93(TITL-GCaMP6f)/wt,passive,,3521.51091
96,7ccf0c23-56bf-4d91-93bd-78011750eb8e,1326848008,sub-749013/sub-749013_ses-multiplane-ophys-749013-2024-12-04-14-32-23_ophys.nwb,2024-12-04 14:32:23-08:00,749013,,,,,,,Structure: VISal Depth: 156,,,749013,M,P167D,Slc17a7-IRES2-Cre/wt;Camk2a-tTA/wt;Ai93(TITL-GCaMP6f)/wt,passive,,3504.96142
97,d207a224-7de2-4174-a61f-75d501d04b1c,1505493452,sub-745909/sub-745909_ses-multiplane-ophys-745909-2024-11-22-09-17-33_ophys.nwb,2024-11-22 09:17:33-08:00,745909,,,,,,,Structure: VISal Depth: 152,,,745909,M,P173D,Slc17a7-IRES2-Cre/wt;Camk2a-tTA/wt;Ai93(TITL-GCaMP6f)/wt,passive,,3500.5857100000003
98,1523d05d-cd80-479e-ab97-030f01912b3c,1386335920,sub-749013/sub-749013_ses-multiplane-ophys-749013-2024-11-25-11-57-12_ophys.nwb,2024-11-25 11:57:12-08:00,749013,,,,,,,Structure: VISal Depth: 152,,,749013,M,P158D,Slc17a7-IRES2-Cre/wt;Camk2a-tTA/wt;Ai93(TITL-GCaMP6f)/wt,passive,,3486.70723
99,e88f074f-ac8a-4108-9c59-f17f4cc4f16d,16466828,sub-749014/sub-749014_ses-multiplane-ophys-749014-2024-12-11-09-57-41.nwb,2024-12-11 09:57:41-08:00,749014,,,,,,,,,,749014,F,P174D,Slc17a7-IRES2-Cre/wt;Camk2a-tTA/wt;Ai93(TITL-GCaMP6f)/wt,passive,,3502.149613772033
100,a736e1f4-f8a8-45a4-a756-46377650b356,1372629616,sub-749013/sub-749013_ses-multiplane-ophys-749013-2024-12-06-13-34-33_ophys.nwb,2024-12-06 13:34:33.365625-08:00,749013,,,,,,,Structure: VISal Depth: 158,,,749013,M,P169D,Slc17a7-IRES2-Cre/wt;Camk2a-tTA/wt;Ai93(TITL-GCaMP6f)/wt,passive,,3502.19223
101,5a672039-0f5f-43e8-8bee-98b90fa505c8,1360806832,sub-749013/sub-749013_ses-multiplane-ophys-749013-2024-12-02-13-52-25_ophys.nwb,2024-12-02 13:52:25-08:00,749013,,,,,,,Structure: VISal Depth: 158,,,749013,M,P165D,Slc17a7-IRES2-Cre/wt;Camk2a-tTA/wt;Ai93(TITL-GCaMP6f)/wt,passive,,3501.12966
102,6a21eabf-3d18-409c-b768-82d585628dc5,1357363804,sub-749011/sub-749011_ses-multiplane-ophys-749011-2024-12-05-14-01-30_ophys.nwb,2024-12-05 14:01:30-08:00,749011,,,,,,,Structure: VISal Depth: 140,,,749011,M,P168D,Slc17a7-IRES2-Cre/wt;Camk2a-tTA/wt;Ai93(TITL-GCaMP6f)/wt,passive,,3511.30657
103,ed6123df-9c36-436d-b7c2-d0476c0ef83b,1330163168,sub-749011/sub-749011_ses-multiplane-ophys-749011-2024-12-13-13-43-05_ophys.nwb,2024-12-13 13:43:05-08:00,749011,,,,,,,Structure: VISal Depth: 148,,,749011,M,P176D,Slc17a7-IRES2-Cre/wt;Camk2a-tTA/wt;Ai93(TITL-GCaMP6f)/wt,passive,,3512.71628
104,3d1e1b7d-61ee-48b1-984d-fcf3f3e781c6,1347277688,sub-749013/sub-749013_ses-multiplane-ophys-749013-2024-11-27-11-56-16_ophys.nwb,2024-11-27 11:56:16-08:00,749013,,,,,,,Structure: VISal Depth: 155,,,749013,M,P160D,Slc17a7-IRES2-Cre/wt;Camk2a-tTA/wt;Ai93(TITL-GCaMP6f)/wt,passive,,3485.0098900000003
105,120fc0fd-5aa0-4708-89e2-fbe50123a280,1294617008,sub-749013/sub-749013_ses-multiplane-ophys-749013-2024-11-21-14-13-57_ophys.nwb,2024-11-21 14:13:57-08:00,749013,,,,,,,Structure: VISal Depth: 151,,,749013,M,P154D,Slc17a7-IRES2-Cre/wt;Camk2a-tTA/wt;Ai93(TITL-GCaMP6f)/wt,passive,,3507.8814500000003
106,4ca8587f-8e16-4a5b-a1d3-5fd4baa44a7c,1303039676,sub-749013/sub-749013_ses-multiplane-ophys-749013-2024-11-13-14-42-09_ophys.nwb,2024-11-13 14:42:09-08:00,749013,,,,,,,Structure: VISal Depth: 158,,,749013,M,P146D,Slc17a7-IRES2-Cre/wt;Camk2a-tTA/wt;Ai93(TITL-GCaMP6f)/wt,passive,,3495.01011
107,f210e0f2-c437-4f7c-b6fe-a34ad5fafc62,16470368,sub-749014/sub-749014_ses-multiplane-ophys-749014-2024-12-16-09-20-06.nwb,2024-12-16 09:20:06-08:00,749014,,,,,,,,,,749014,F,P179D,Slc17a7-IRES2-Cre/wt;Camk2a-tTA/wt;Ai93(TITL-GCaMP6f)/wt,passive,,3517.964678783784
108,2fbd5350-3660-4f4d-8a0c-064eb4a0731a,1853052740,sub-770966/sub-770966_ses-multiplane-ophys-770966-2025-05-14-12-14-46_ophys.nwb,2025-05-14 12:14:46.998224-07:00,770966,,,,,,,Structure: VISal Depth: 148,,,770966,F,P219D,Slc17a7-IRES2-Cre/wt;Camk2a-tTA/wt;Ai93(TITL-GCaMP6f)/wt,passive,,3501.670657755581
109,544903e1-dffe-47ff-9a58-8fb9f31a2ac3,1321811108,sub-749013/sub-749013_ses-multiplane-ophys-749013-2024-11-15-14-29-34_ophys.nwb,2024-11-15 14:29:34-08:00,749013,,,,,,,Structure: VISal Depth: 154,,,749013,M,P148D,Slc17a7-IRES2-Cre/wt;Camk2a-tTA/wt;Ai93(TITL-GCaMP6f)/wt,passive,,3498.41705
110,31ecbf10-3ec2-4423-a440-779ad7c91fd9,1330285628,sub-749011/sub-749011_ses-multiplane-ophys-749011-2024-12-17-11-55-57_ophys.nwb,2024-12-17 11:55:57-08:00,749011,,,,,,,Structure: VISal Depth: 139,,,749011,M,P180D,Slc17a7-IRES2-Cre/wt;Camk2a-tTA/wt;Ai93(TITL-GCaMP6f)/wt,passive,,3521.51091
111,4fa79b1e-80bc-463b-9986-28aec7ee5144,1601764664,sub-770966/sub-770966_ses-multiplane-ophys-770966-2025-05-19-09-51-20_ophys.nwb,2025-05-19 09:51:20.536261-07:00,770966,,,,,,,Structure: VISal Depth: 156,,,770966,F,P224D,Slc17a7-IRES2-Cre/wt;Camk2a-tTA/wt;Ai93(TITL-GCaMP6f)/wt,passive,,3504.159382708578
112,a1fa26ea-faad-4664-978a-910d148eb699,1483646248,sub-784492/sub-784492_ses-multiplane-ophys-784492-2025-05-27-16-21-42_ophys.nwb,2025-05-27 16:21:42.201020-07:00,784492,,,,,,,Structure: VISal Depth: 152,,,784492,M,P153D,Slc17a7-IRES2-Cre/wt;Camk2a-tTA/wt;Ai93(TITL-GCaMP6f)/wt,active_shifting_exemplars,,3922.96697
113,b51d361e-914c-42a2-84f3-d73adba25e42,1463240548,sub-784492/sub-784492_ses-multiplane-ophys-784492-2025-05-29-15-00-48_ophys.nwb,2025-05-29 15:00:48.107827-07:00,784492,,,,,,,Structure: VISal Depth: 152,,,784492,M,P155D,Slc17a7-IRES2-Cre/wt;Camk2a-tTA/wt;Ai93(TITL-GCaMP6f)/wt,active_shifting_exemplars,,3925.44457
114,c90a489b-295a-4c6b-9d03-55d348c0660e,1991202128,sub-766757/sub-766757_ses-multiplane-ophys-766757-2025-02-10-09-55-39_ophys.nwb,2025-02-10 09:55:39.783604-08:00,766757,,,,,,,Structure: VISal Depth: 152,,,766757,M,P147D,Slc17a7-IRES2-Cre/wt;Camk2a-tTA/wt;Ai93(TITL-GCaMP6f)/wt,active_single_exemplar,,3921.74879
115,28be4bfd-3111-4339-982b-ce47128ec2f2,1411154256,sub-784492/sub-784492_ses-multiplane-ophys-784492-2025-06-02-14-55-42_ophys.nwb,2025-06-02 14:55:42.299081-07:00,784492,,,,,,,Structure: VISal Depth: 148,,,784492,M,P159D,Slc17a7-IRES2-Cre/wt;Camk2a-tTA/wt;Ai93(TITL-GCaMP6f)/wt,active_shifting_exemplars,,3918.84767
116,8f859387-5b18-44bf-b260-fb390e93afe5,1256017752,sub-784492/sub-784492_ses-multiplane-ophys-784492-2025-06-05-15-02-26_ophys.nwb,2025-06-05 15:02:26.740568-07:00,784492,,,,,,,Structure: VISal Depth: 150,,,784492,M,P162D,Slc17a7-IRES2-Cre/wt;Camk2a-tTA/wt;Ai93(TITL-GCaMP6f)/wt,passive,,3497.891994900118
117,c54f5954-451b-4378-9a6f-60974e0ad9ed,922742676,sub-749014/sub-749014_ses-multiplane-ophys-749014-2024-12-18-09-44-26_ophys.nwb,2024-12-18 09:44:26.899217-08:00,749014,,,,,,,Structure: VISal Depth: 146,,,749014,F,P181D,Slc17a7-IRES2-Cre/wt;Camk2a-tTA/wt;Ai93(TITL-GCaMP6f)/wt,passive,,3501.670657755581
118,a77a6de5-8697-46f4-a23a-aee4c3ff7075,1538470856,sub-784492/sub-784492_ses-multiplane-ophys-784492-2025-06-03-12-22-10_ophys.nwb,2025-06-03 12:22:10.645054-07:00,784492,,,,,,,Structure: VISal Depth: 150,,,784492,M,P160D,Slc17a7-IRES2-Cre/wt;Camk2a-tTA/wt;Ai93(TITL-GCaMP6f)/wt,active_shifting_exemplars,,3928.45273
119,89a0e627-b431-434f-a41e-ee7e653ba5b8,919183296,sub-749014/sub-749014_ses-multiplane-ophys-749014-2024-12-20-09-46-02_ophys.nwb,2024-12-20 09:46:02.718530-08:00,749014,,,,,,,Structure: VISal Depth: 156,,,749014,F,P183D,Slc17a7-IRES2-Cre/wt;Camk2a-tTA/wt;Ai93(TITL-GCaMP6f)/wt,passive,,3485.964425534665
120,6507d27f-8e2a-4bd0-86e2-e0bea2bdc190,942344532,sub-749014/sub-749014_ses-multiplane-ophys-749014-2025-01-08-09-34-03_ophys.nwb,2025-01-08 09:34:03.111718-08:00,749014,,,,,,,Structure: VISal Depth: 142,,,749014,F,P202D,Slc17a7-IRES2-Cre/wt;Camk2a-tTA/wt;Ai93(TITL-GCaMP6f)/wt,passive,,3502.0785206286723
121,0c8b2731-6985-47c3-92b4-b7edd8f9459d,1038566224,sub-749014/sub-749014_ses-multiplane-ophys-749014-2025-01-10-09-34-29_ophys.nwb,2025-01-10 09:34:29.485506-08:00,749014,,,,,,,Structure: VISal Depth: 152,,,749014,F,P204D,Slc17a7-IRES2-Cre/wt;Camk2a-tTA/wt;Ai93(TITL-GCaMP6f)/wt,passive,,3505.191394606345
122,2a972215-acc5-4dd3-b947-31ca61e3274e,1328568200,sub-749013/sub-749013_ses-multiplane-ophys-749013-2024-11-19-12-20-43_ophys.nwb,2024-11-19 12:20:43-08:00,749013,,,,,,,Structure: VISal Depth: 152,,,749013,M,P152D,Slc17a7-IRES2-Cre/wt;Camk2a-tTA/wt;Ai93(TITL-GCaMP6f)/wt,passive,,3501.7686900000003
123,7277f79b-c2c2-4838-9a6a-44247b290e59,1419967492,sub-745909/sub-745909_ses-multiplane-ophys-745909-2024-12-06-09-01-16_ophys.nwb,2024-12-06 09:01:16-08:00,745909,,,,,,,Structure: VISal Depth: 146,,,745909,M,P187D,Slc17a7-IRES2-Cre/wt;Camk2a-tTA/wt;Ai93(TITL-GCaMP6f)/wt,passive,,3507.1902
124,c0599912-3c84-47cb-992b-e4ff69cdcb9b,917423168,sub-749014/sub-749014_ses-multiplane-ophys-749014-2025-01-06-09-12-18_ophys.nwb,2025-01-06 09:12:18.215800-08:00,749014,,,,,,,Structure: VISal Depth: 142,,,749014,F,P200D,Slc17a7-IRES2-Cre/wt;Camk2a-tTA/wt;Ai93(TITL-GCaMP6f)/wt,passive,,3503.172534823737
125,2527fc8f-f64d-4d42-ad14-6cf607b60196,1366403472,sub-770194/sub-770194_ses-multiplane-ophys-770194-2025-04-20-12-16-55_ophys.nwb,2025-04-20 12:16:55.264463-07:00,770194,,,,,,,Structure: VISal Depth: 159,,,770194,M,P199D,Slc17a7-IRES2-Cre/wt;Camk2a-tTA/wt;Ai93(TITL-GCaMP6f)/wt,active_shifting_exemplars,,3924.18889
126,de6d4dc8-642a-4fb4-9e1a-9994be90ff80,1414627956,sub-784492/sub-784492_ses-multiplane-ophys-784492-2025-06-04-14-42-32_ophys.nwb,2025-06-04 14:42:32.061702-07:00,784492,,,,,,,Structure: VISal Depth: 150,,,784492,M,P161D,Slc17a7-IRES2-Cre/wt;Camk2a-tTA/wt;Ai93(TITL-GCaMP6f)/wt,passive,,3501.0331696723747
127,be1946c8-26fc-4d7f-9b09-e96d0d19a31a,1518165220,sub-762551/sub-762551_ses-multiplane-ophys-762551-2025-01-16-14-30-36_ophys.nwb,2025-01-16 14:30:36.518742-08:00,762551,,,,,,,Structure: VISal Depth: 142,,,762551,F,P144D,Slc17a7-IRES2-Cre/wt;Camk2a-tTA/wt;Ai93(TITL-GCaMP6f)/wt,active_single_exemplar,,3922.9055
128,3079ba26-d2ea-4188-b731-6965052fb884,1742541548,sub-766757/sub-766757_ses-multiplane-ophys-766757-2025-02-14-15-07-47_ophys.nwb,2025-02-14 15:07:47.930210-08:00,766757,,,,,,,Structure: VISal Depth: 126,,,766757,M,P151D,Slc17a7-IRES2-Cre/wt;Camk2a-tTA/wt;Ai93(TITL-GCaMP6f)/wt,active_shifting_exemplars,,3920.83616
129,e5d0d15f-0b79-4a2c-9f4a-e96f20263b41,1336624268,sub-762551/sub-762551_ses-multiplane-ophys-762551-2025-01-29-09-46-34_ophys.nwb,2025-01-29 09:46:34.290800-08:00,762551,,,,,,,Structure: VISal Depth: 144,,,762551,F,P157D,Slc17a7-IRES2-Cre/wt;Camk2a-tTA/wt;Ai93(TITL-GCaMP6f)/wt,active_shifting_exemplars,,3919.31857
130,24e01abe-ce0e-4d4c-b9fa-1cb9705dea0f,1343279560,sub-762551/sub-762551_ses-multiplane-ophys-762551-2025-01-28-11-31-36_ophys.nwb,2025-01-28 11:31:36.496129-08:00,762551,,,,,,,Structure: VISal Depth: 130,,,762551,F,P156D,Slc17a7-IRES2-Cre/wt;Camk2a-tTA/wt;Ai93(TITL-GCaMP6f)/wt,active_shifting_exemplars,,3928.14701
131,c284c3e7-07bf-4948-9092-65a02a4ee833,970858524,sub-749014/sub-749014_ses-multiplane-ophys-749014-2025-01-15-09-27-41_ophys.nwb,2025-01-15 09:27:41.451481-08:00,749014,,,,,,,Structure: VISal Depth: 140,,,749014,F,P209D,Slc17a7-IRES2-Cre/wt;Camk2a-tTA/wt;Ai93(TITL-GCaMP6f)/wt,passive,,3503.2240668037603
132,743b5d86-2672-4206-ac2a-adcb0c791811,1956857212,sub-766757/sub-766757_ses-multiplane-ophys-766757-2025-02-12-13-39-43_ophys.nwb,2025-02-12 13:39:43.153255-08:00,766757,,,,,,,Structure: VISal Depth: 142,,,766757,M,P149D,Slc17a7-IRES2-Cre/wt;Camk2a-tTA/wt;Ai93(TITL-GCaMP6f)/wt,active_shifting_exemplars,,3921.34119
133,430aa80f-890d-4702-98a2-8e7df250f550,990440500,sub-749014/sub-749014_ses-multiplane-ophys-749014-2025-01-16-11-42-43_ophys.nwb,2025-01-16 11:42:43.537266-08:00,749014,,,,,,,Structure: VISal Depth: 138,,,749014,F,P210D,Slc17a7-IRES2-Cre/wt;Camk2a-tTA/wt;Ai93(TITL-GCaMP6f)/wt,passive,,3522.6973764571094
134,85f8e332-23d3-4e76-9ce2-fb68386b65c4,1843055864,sub-766757/sub-766757_ses-multiplane-ophys-766757-2025-02-03-10-06-43_ophys.nwb,2025-02-03 10:06:43.183268-08:00,766757,,,,,,,Structure: VISal Depth: 150,,,766757,M,P140D,Slc17a7-IRES2-Cre/wt;Camk2a-tTA/wt;Ai93(TITL-GCaMP6f)/wt,active_single_exemplar,,3921.61764
135,5d0c3373-6112-4a34-b373-f34cd05f1475,1478666884,sub-762551/sub-762551_ses-multiplane-ophys-762551-2025-01-24-14-19-46_ophys.nwb,2025-01-24 14:19:46.759369-08:00,762551,,,,,,,Structure: VISal Depth: 138,,,762551,F,P152D,Slc17a7-IRES2-Cre/wt;Camk2a-tTA/wt;Ai93(TITL-GCaMP6f)/wt,active_shifting_exemplars,,3918.32574
136,50abc53a-e239-42fd-9dc7-16394d31c579,1473571788,sub-762551/sub-762551_ses-multiplane-ophys-762551-2025-01-21-12-04-09_ophys.nwb,2025-01-21 12:04:09.106375-08:00,762551,,,,,,,Structure: VISal Depth: 148,,,762551,F,P149D,Slc17a7-IRES2-Cre/wt;Camk2a-tTA/wt;Ai93(TITL-GCaMP6f)/wt,active_single_exemplar,,3927.55608
137,4e84bcf0-e0c4-4d18-92f8-d77db4593403,2007582980,sub-766757/sub-766757_ses-multiplane-ophys-766757-2025-02-11-12-23-06_ophys.nwb,2025-02-11 12:23:06.295944-08:00,766757,,,,,,,Structure: VISal Depth: 148,,,766757,M,P148D,Slc17a7-IRES2-Cre/wt;Camk2a-tTA/wt;Ai93(TITL-GCaMP6f)/wt,active_single_exemplar,,3920.519
138,ad6aeb66-6253-4881-940e-06e62c25ebf9,1925755880,sub-766757/sub-766757_ses-multiplane-ophys-766757-2025-02-13-14-08-18_ophys.nwb,2025-02-13 14:08:18.408346-08:00,766757,,,,,,,Structure: VISal Depth: 144,,,766757,M,P150D,Slc17a7-IRES2-Cre/wt;Camk2a-tTA/wt;Ai93(TITL-GCaMP6f)/wt,active_shifting_exemplars,,3924.14066
139,fa152afc-97f0-4903-a0c1-36540101ab37,1598986452,sub-770196/sub-770196_ses-multiplane-ophys-770196-2025-03-21-14-14-24_ophys.nwb,2025-03-21 14:14:24.910581-07:00,770196,,,,,,,Structure: VISal Depth: 158,,,770196,F,P169D,Slc17a7-IRES2-Cre/wt;Camk2a-tTA/wt;Ai93(TITL-GCaMP6f)/wt,active_single_exemplar,,3920.49655
140,3120ec6f-b3d7-42ef-904b-e90deccf8025,1960065116,sub-766757/sub-766757_ses-multiplane-ophys-766757-2025-02-05-14-14-02_ophys.nwb,2025-02-05 14:14:02.646070-08:00,766757,,,,,,,Structure: VISal Depth: 144,,,766757,M,P142D,Slc17a7-IRES2-Cre/wt;Camk2a-tTA/wt;Ai93(TITL-GCaMP6f)/wt,active_single_exemplar,,3916.14517
141,74567b97-79f3-4b57-956c-501b48d9b3f3,1344031012,sub-762551/sub-762551_ses-multiplane-ophys-762551-2025-01-27-10-07-52_ophys.nwb,2025-01-27 10:07:52.846287-08:00,762551,,,,,,,Structure: VISal Depth: 142,,,762551,F,P155D,Slc17a7-IRES2-Cre/wt;Camk2a-tTA/wt;Ai93(TITL-GCaMP6f)/wt,active_shifting_exemplars,,3919.73836
142,e8ac0c33-4057-4f58-9642-bfb47d91993b,1393133956,sub-762551/sub-762551_ses-multiplane-ophys-762551-2025-01-23-15-07-09_ophys.nwb,2025-01-23 15:07:09.374731-08:00,762551,,,,,,,Structure: VISal Depth: 140,,,762551,F,P151D,Slc17a7-IRES2-Cre/wt;Camk2a-tTA/wt;Ai93(TITL-GCaMP6f)/wt,active_shifting_exemplars,,3928.4109
143,29007b2e-57aa-4f01-a673-5369c2df09a3,1148788024,sub-762551/sub-762551_ses-multiplane-ophys-762551-2025-01-30-11-23-54_ophys.nwb,2025-01-30 11:23:54.975176-08:00,762551,,,,,,,Structure: VISal Depth: 136,,,762551,F,P158D,Slc17a7-IRES2-Cre/wt;Camk2a-tTA/wt;Ai93(TITL-GCaMP6f)/wt,passive,,3499.20888
