,identifier,size,path,session_time,sub_name,session_id,sub_sex,sub_age,sub_genotype,stim_types,#_rois,session_end
0,615f0764-e10d-47c6-9d16-bfb89efd6bea,738573559,sub-799426/sub-799426_ses-multiplane-ophys-799426-2025-08-08-14-08-47-acq-synced_ophys.nwb,2025-08-08 14:08:47.039171-07:00,799426,multiplane-ophys_799426_2025-08-08_14-08-47,M,P133D,Sst-IRES-Cre/wt;Ai148(TIT2L-GC6f-ICL-tTA2)/wt,"{'rdkCircle_presentations', 'drifting_gratings_field_block_presentations', 'rdkSqr_presentations', 'receptive_field_block_presentations', 'spontaneous_presentations', 'homogeneous_background_presentations', 'ShapeStim_presentations'}",327,4147.72029
1,18524890-2b79-415a-81e1-130fde7e6c4c,491321749,sub-790102/sub-790102_ses-multiplane-ophys-790102-2025-07-08-11-31-55-acq-synced_ophys.nwb,2025-07-08 11:31:55.618585-07:00,790102,multiplane-ophys_790102_2025-07-08_11-31-55,M,P159D,Pvalb-IRES-Cre/wt;Ai162(TIT2L-GC6s-ICL-tTA2)/wt,"{'rdkCircle_presentations', 'drifting_gratings_field_block_presentations', 'rdkSqr_presentations', 'receptive_field_block_presentations', 'spontaneous_presentations', 'homogeneous_background_presentations', 'ShapeStim_presentations'}",192,4148.36892
2,212fc358-4519-46eb-9707-a7df67f7346f,354228125,sub-790107/sub-790107_ses-multiplane-ophys-790107-2025-06-25-09-36-06-acq-synced_ophys.nwb,2025-06-25 09:36:06.965518-07:00,790107,multiplane-ophys_790107_2025-06-25_09-36-06,F,P146D,Pvalb-IRES-Cre/wt;Ai162(TIT2L-GC6s-ICL-tTA2)/wt,"{'rdkCircle_presentations', 'drifting_gratings_field_block_presentations', 'rdkSqr_presentations', 'receptive_field_block_presentations', 'spontaneous_presentations', 'homogeneous_background_presentations', 'ShapeStim_presentations'}",110,4147.87884357767
3,46f94857-c6f4-49f4-aba5-c1c95ac70dda,1735090837,sub-778655/sub-778655_ses-multiplane-ophys-778655-2025-04-26-10-20-16-acq-synced_ophys.nwb,2025-04-26 10:20:16.775341-07:00,778655,multiplane-ophys_778655_2025-04-26_10-20-16,M,P159D,Slc17a7-IRES2-Cre/wt;Camk2a-tTA/wt;Ai93(TITL-GCaMP6f)/wt,"{'rdkCircle_presentations', 'drifting_gratings_field_block_presentations', 'rdkSqr_presentations', 'receptive_field_block_presentations', 'spontaneous_presentations', 'homogeneous_background_presentations', 'ShapeStim_presentations'}",871,4147.72037
4,ecce1bc1-5a6f-4c55-b595-320f5cf77aaa,872375880,sub-789166/sub-789166_ses-multiplane-ophys-789166-2025-06-23-09-59-26-acq-synced_ophys.nwb,2025-06-23 09:59:26.277616-07:00,789166,multiplane-ophys_789166_2025-06-23_09-59-26,F,P149D,Vip-IRES-Cre/wt;Ai148(TIT2L-GC6f-ICL-tTA2)/wt,"{'rdkCircle_presentations', 'drifting_gratings_field_block_presentations', 'rdkSqr_presentations', 'receptive_field_block_presentations', 'spontaneous_presentations', 'homogeneous_background_presentations', 'ShapeStim_presentations'}",400,4147.35898
5,20dbc39d-efda-4993-a987-3e241f460c91,1519131252,sub-764964/sub-764964_ses-multiplane-ophys-764964-2025-03-13-09-25-18-acq-synced_ophys.nwb,2025-03-13 09:25:18.111321-07:00,764964,multiplane-ophys_764964_2025-03-13_09-25-18,M,P188D,Vip-IRES-Cre/wt;Ai148(TIT2L-GC6f-ICL-tTA2)/wt,"{'rdkCircle_presentations', 'drifting_gratings_field_block_presentations', 'rdkSqr_presentations', 'receptive_field_block_presentations', 'spontaneous_presentations', 'homogeneous_background_presentations', 'ShapeStim_presentations'}",753,4153.69073
6,91534c6e-6d77-4e38-bc9c-fe04f32d16f8,443679485,sub-790102/sub-790102_ses-multiplane-ophys-790102-2025-07-15-11-50-49-acq-synced_ophys.nwb,2025-07-15 11:50:49.083675-07:00,790102,multiplane-ophys_790102_2025-07-15_11-50-49,M,P166D,Pvalb-IRES-Cre/wt;Ai162(TIT2L-GC6s-ICL-tTA2)/wt,"{'rdkCircle_presentations', 'drifting_gratings_field_block_presentations', 'rdkSqr_presentations', 'receptive_field_block_presentations', 'spontaneous_presentations', 'homogeneous_background_presentations', 'ShapeStim_presentations'}",166,4148.83377
7,8913e20f-997f-498f-80d5-58286bc70f48,482033873,sub-787495/sub-787495_ses-multiplane-ophys-787495-2025-05-16-08-48-55-acq-synced_ophys.nwb,2025-05-16 08:48:55.839803-07:00,787495,multiplane-ophys_787495_2025-05-16_08-48-55,M,P123D,Sst-IRES-Cre/wt;Ai148(TIT2L-GC6f-ICL-tTA2)/wt,"{'rdkCircle_presentations', 'drifting_gratings_field_block_presentations', 'rdkSqr_presentations', 'receptive_field_block_presentations', 'spontaneous_presentations', 'homogeneous_background_presentations', 'ShapeStim_presentations'}",176,4149.138660815534
8,3ad0e354-1ea9-4e32-8d5d-7f90c26bce30,1262651268,sub-770193/sub-770193_ses-multiplane-ophys-770193-2025-04-19-09-18-16-acq-synced_ophys.nwb,2025-04-19 09:18:16.022005-07:00,770193,multiplane-ophys_770193_2025-04-19_09-18-16,M,P198D,Slc17a7-IRES2-Cre/wt;Camk2a-tTA/wt;Ai93(TITL-GCaMP6f)/wt,"{'rdkCircle_presentations', 'drifting_gratings_field_block_presentations', 'rdkSqr_presentations', 'receptive_field_block_presentations', 'spontaneous_presentations', 'homogeneous_background_presentations', 'ShapeStim_presentations'}",613,4155.1466
9,7adce679-7e79-472c-bcb1-94fb75427003,1115870993,sub-770193/sub-770193_ses-multiplane-ophys-770193-2025-04-03-09-34-15-acq-synced_ophys.nwb,2025-04-03 09:34:15.631258-07:00,770193,multiplane-ophys_770193_2025-04-03_09-34-15,M,P182D,Slc17a7-IRES2-Cre/wt;Camk2a-tTA/wt;Ai93(TITL-GCaMP6f)/wt,"{'rdkCircle_presentations', 'drifting_gratings_field_block_presentations', 'rdkSqr_presentations', 'receptive_field_block_presentations', 'spontaneous_presentations', 'homogeneous_background_presentations', 'ShapeStim_presentations'}",533,4143.89414
10,988f39e6-d69b-4fae-bf32-14284a0c25a7,1603298957,sub-798278/sub-798278_ses-multiplane-ophys-798278-2025-07-21-12-27-39-acq-synced_ophys.nwb,2025-07-21 12:27:39.812898-07:00,798278,multiplane-ophys_798278_2025-07-21_12-27-39,M,P121D,Slc17a7-IRES2-Cre/wt;Camk2a-tTA/wt;Ai93(TITL-GCaMP6f)/wt,"{'rdkCircle_presentations', 'drifting_gratings_field_block_presentations', 'rdkSqr_presentations', 'receptive_field_block_presentations', 'spontaneous_presentations', 'homogeneous_background_presentations', 'ShapeStim_presentations'}",799,4147.42445
11,4a23522d-46b6-4ee7-90ab-d01d3b2537e0,538958035,sub-799426/sub-799426_ses-multiplane-ophys-799426-2025-07-24-09-11-46-acq-synced_ophys.nwb,2025-07-24 09:11:46.840795-07:00,799426,multiplane-ophys_799426_2025-07-24_09-11-46,M,P118D,Sst-IRES-Cre/wt;Ai148(TIT2L-GC6f-ICL-tTA2)/wt,"{'rdkCircle_presentations', 'drifting_gratings_field_block_presentations', 'rdkSqr_presentations', 'receptive_field_block_presentations', 'spontaneous_presentations', 'homogeneous_background_presentations', 'ShapeStim_presentations'}",218,4148.5979
12,6a6e7a48-b0e6-4457-b7ed-aa8e1ee2c5e7,504121401,sub-790102/sub-790102_ses-multiplane-ophys-790102-2025-06-30-09-46-09-acq-synced_ophys.nwb,2025-06-30 09:46:09.034371-07:00,790102,multiplane-ophys_790102_2025-06-30_09-46-09,M,P151D,Pvalb-IRES-Cre/wt;Ai162(TIT2L-GC6s-ICL-tTA2)/wt,"{'rdkCircle_presentations', 'drifting_gratings_field_block_presentations', 'rdkSqr_presentations', 'receptive_field_block_presentations', 'spontaneous_presentations', 'homogeneous_background_presentations', 'ShapeStim_presentations'}",199,4147.20722
13,e6327a67-db82-40b8-acfc-a55be4f474e3,901701920,sub-789166/sub-789166_ses-multiplane-ophys-789166-2025-06-17-09-43-13-acq-synced_ophys.nwb,2025-06-17 09:43:13.060409-07:00,789166,multiplane-ophys_789166_2025-06-17_09-43-13,F,P143D,Vip-IRES-Cre/wt;Ai148(TIT2L-GC6f-ICL-tTA2)/wt,"{'rdkCircle_presentations', 'drifting_gratings_field_block_presentations', 'rdkSqr_presentations', 'receptive_field_block_presentations', 'spontaneous_presentations', 'homogeneous_background_presentations', 'ShapeStim_presentations'}",416,4146.82265
14,88cc8430-8ac1-49ad-9927-35ebed5717be,317457421,sub-790107/sub-790107_ses-multiplane-ophys-790107-2025-06-11-12-42-19-acq-synced_ophys.nwb,2025-06-11 12:42:19.001804-07:00,790107,multiplane-ophys_790107_2025-06-11_12-42-19,F,P132D,Pvalb-IRES-Cre/wt;Ai162(TIT2L-GC6s-ICL-tTA2)/wt,"{'rdkCircle_presentations', 'drifting_gratings_field_block_presentations', 'rdkSqr_presentations', 'receptive_field_block_presentations', 'spontaneous_presentations', 'homogeneous_background_presentations', 'ShapeStim_presentations'}",91,4147.406842912621
15,8d24bb43-9ad5-4678-b11a-3979c952cc6b,1203811439,sub-764964/sub-764964_ses-multiplane-ophys-764964-2025-03-14-13-59-09-acq-synced_ophys.nwb,2025-03-14 13:59:09.490929-07:00,764964,multiplane-ophys_764964_2025-03-14_13-59-09,M,P189D,Vip-IRES-Cre/wt;Ai148(TIT2L-GC6f-ICL-tTA2)/wt,"{'rdkCircle_presentations', 'drifting_gratings_field_block_presentations', 'rdkSqr_presentations', 'receptive_field_block_presentations', 'spontaneous_presentations', 'homogeneous_background_presentations', 'ShapeStim_presentations'}",581,4147.3236400000005
16,35fc3170-d5b9-49d6-a311-9a7ee58a1686,675631989,sub-787495/sub-787495_ses-multiplane-ophys-787495-2025-05-15-10-00-50-acq-synced_ophys.nwb,2025-05-15 10:00:50.516538-07:00,787495,multiplane-ophys_787495_2025-05-15_10-00-50,M,P122D,Sst-IRES-Cre/wt;Ai148(TIT2L-GC6f-ICL-tTA2)/wt,"{'rdkCircle_presentations', 'drifting_gratings_field_block_presentations', 'rdkSqr_presentations', 'receptive_field_block_presentations', 'spontaneous_presentations', 'homogeneous_background_presentations', 'ShapeStim_presentations'}",276,4146.997972490291
17,6357abbd-994e-45a0-8129-6a8fdfbb83e4,1951327090,sub-764964/sub-764964_ses-multiplane-ophys-764964-2025-03-21-09-07-01-acq-synced_ophys.nwb,2025-03-21 09:07:01.952956-07:00,764964,multiplane-ophys_764964_2025-03-21_09-07-01,M,P196D,Vip-IRES-Cre/wt;Ai148(TIT2L-GC6f-ICL-tTA2)/wt,"{'rdkCircle_presentations', 'drifting_gratings_field_block_presentations', 'rdkSqr_presentations', 'receptive_field_block_presentations', 'spontaneous_presentations', 'homogeneous_background_presentations', 'ShapeStim_presentations'}",989,4147.70575
18,af8c13ed-ae4a-4a63-8bd4-9d91d65484ce,729865434,sub-774619/sub-774619_ses-multiplane-ophys-774619-2025-04-09-09-09-42-acq-synced_ophys.nwb,2025-04-09 09:09:42.427989-07:00,774619,multiplane-ophys_774619_2025-04-09_09-09-42,M,P163D,Vip-IRES-Cre/wt;Ai148(TIT2L-GC6f-ICL-tTA2)/wt,"{'rdkCircle_presentations', 'drifting_gratings_field_block_presentations', 'rdkSqr_presentations', 'receptive_field_block_presentations', 'spontaneous_presentations', 'homogeneous_background_presentations', 'ShapeStim_presentations'}",304,4147.340368830098
19,6ff9d4d4-3fa2-4514-bbe1-4516d350e6cd,555488472,sub-799426/sub-799426_ses-multiplane-ophys-799426-2025-07-25-11-48-04-acq-synced_ophys.nwb,2025-07-25 11:48:04.454719-07:00,799426,multiplane-ophys_799426_2025-07-25_11-48-04,M,P119D,Sst-IRES-Cre/wt;Ai148(TIT2L-GC6f-ICL-tTA2)/wt,"{'rdkCircle_presentations', 'drifting_gratings_field_block_presentations', 'rdkSqr_presentations', 'receptive_field_block_presentations', 'spontaneous_presentations', 'homogeneous_background_presentations', 'ShapeStim_presentations'}",227,4149.61124
20,23fc4b77-b47d-4ccf-b1a5-f96e62562ebf,636133979,sub-787495/sub-787495_ses-multiplane-ophys-787495-2025-04-30-09-08-23-acq-synced_ophys.nwb,2025-04-30 09:08:23.930814-07:00,787495,multiplane-ophys_787495_2025-04-30_09-08-23,M,P107D,Sst-IRES-Cre/wt;Ai148(TIT2L-GC6f-ICL-tTA2)/wt,"{'rdkCircle_presentations', 'drifting_gratings_field_block_presentations', 'rdkSqr_presentations', 'receptive_field_block_presentations', 'spontaneous_presentations', 'homogeneous_background_presentations', 'ShapeStim_presentations'}",271,4153.89609
21,a2c030a9-cc57-4712-9be3-fdb30583d129,505932803,sub-790102/sub-790102_ses-multiplane-ophys-790102-2025-07-14-11-46-23-acq-synced_ophys.nwb,2025-07-14 11:46:23.514887-07:00,790102,multiplane-ophys_790102_2025-07-14_11-46-23,M,P165D,Pvalb-IRES-Cre/wt;Ai162(TIT2L-GC6s-ICL-tTA2)/wt,"{'rdkCircle_presentations', 'drifting_gratings_field_block_presentations', 'rdkSqr_presentations', 'receptive_field_block_presentations', 'spontaneous_presentations', 'homogeneous_background_presentations', 'ShapeStim_presentations'}",200,4147.19462
22,d9f621f9-1333-4b7f-8391-2e82b1058e22,2039314880,sub-764964/sub-764964_ses-multiplane-ophys-764964-2025-03-20-09-36-45-acq-synced_ophys.nwb,2025-03-20 09:36:45.374035-07:00,764964,multiplane-ophys_764964_2025-03-20_09-36-45,M,P195D,Vip-IRES-Cre/wt;Ai148(TIT2L-GC6f-ICL-tTA2)/wt,"{'rdkCircle_presentations', 'drifting_gratings_field_block_presentations', 'rdkSqr_presentations', 'receptive_field_block_presentations', 'spontaneous_presentations', 'homogeneous_background_presentations', 'ShapeStim_presentations'}",1037,4151.8240000000005
23,b4281758-36b3-43eb-8852-8fb9de07ad71,511544971,sub-790102/sub-790102_ses-multiplane-ophys-790102-2025-07-01-12-00-52-acq-synced_ophys.nwb,2025-07-01 12:00:52.088500-07:00,790102,multiplane-ophys_790102_2025-07-01_12-00-52,M,P152D,Pvalb-IRES-Cre/wt;Ai162(TIT2L-GC6s-ICL-tTA2)/wt,"{'rdkCircle_presentations', 'drifting_gratings_field_block_presentations', 'rdkSqr_presentations', 'receptive_field_block_presentations', 'spontaneous_presentations', 'homogeneous_background_presentations', 'ShapeStim_presentations'}",203,4152.99289
24,624bd7e6-7fe1-4abd-9a81-04718bbd8ceb,1365048877,sub-770193/sub-770193_ses-multiplane-ophys-770193-2025-04-05-09-48-45-acq-synced_ophys.nwb,2025-04-05 09:48:45.104254-07:00,770193,multiplane-ophys_770193_2025-04-05_09-48-45,M,P184D,Slc17a7-IRES2-Cre/wt;Camk2a-tTA/wt;Ai93(TITL-GCaMP6f)/wt,"{'rdkCircle_presentations', 'drifting_gratings_field_block_presentations', 'rdkSqr_presentations', 'receptive_field_block_presentations', 'spontaneous_presentations', 'homogeneous_background_presentations', 'ShapeStim_presentations'}",669,4145.41633
25,7f57541e-b1c3-4f01-a8ae-74183ad4b393,377447894,sub-790107/sub-790107_ses-multiplane-ophys-790107-2025-07-01-09-39-45-acq-synced_ophys.nwb,2025-07-01 09:39:45.712197-07:00,790107,multiplane-ophys_790107_2025-07-01_09-39-45,F,P152D,Pvalb-IRES-Cre/wt;Ai162(TIT2L-GC6s-ICL-tTA2)/wt,"{'rdkCircle_presentations', 'drifting_gratings_field_block_presentations', 'rdkSqr_presentations', 'receptive_field_block_presentations', 'spontaneous_presentations', 'homogeneous_background_presentations', 'ShapeStim_presentations'}",122,4147.106159169903
26,5d7c294d-4750-40bb-aa37-9e121e27c9e3,487682767,sub-787495/sub-787495_ses-multiplane-ophys-787495-2025-04-24-12-04-09-acq-synced_ophys.nwb,2025-04-24 12:04:09.768189-07:00,787495,multiplane-ophys_787495_2025-04-24_12-04-09,M,P101D,Sst-IRES-Cre/wt;Ai148(TIT2L-GC6f-ICL-tTA2)/wt,"{'rdkCircle_presentations', 'drifting_gratings_field_block_presentations', 'rdkSqr_presentations', 'receptive_field_block_presentations', 'spontaneous_presentations', 'homogeneous_background_presentations', 'ShapeStim_presentations'}",190,4150.95651
27,81d81dcc-335f-45b8-8512-af05f180e0d3,881477256,sub-789166/sub-789166_ses-multiplane-ophys-789166-2025-07-03-10-20-32-acq-synced_ophys.nwb,2025-07-03 10:20:32.217475-07:00,789166,multiplane-ophys_789166_2025-07-03_10-20-32,F,P159D,Vip-IRES-Cre/wt;Ai148(TIT2L-GC6f-ICL-tTA2)/wt,"{'rdkCircle_presentations', 'drifting_gratings_field_block_presentations', 'rdkSqr_presentations', 'receptive_field_block_presentations', 'spontaneous_presentations', 'homogeneous_background_presentations', 'ShapeStim_presentations'}",405,4147.1623500000005
28,ca537105-a242-4f39-a483-487df9093271,1624431980,sub-784498/sub-784498_ses-multiplane-ophys-784498-2025-05-02-09-34-59-acq-synced_ophys.nwb,2025-05-02 09:34:59.544710-07:00,784498,multiplane-ophys_784498_2025-05-02_09-34-59,F,P128D,Slc17a7-IRES2-Cre/wt;Camk2a-tTA/wt;Ai93(TITL-GCaMP6f)/wt,"{'rdkCircle_presentations', 'drifting_gratings_field_block_presentations', 'rdkSqr_presentations', 'receptive_field_block_presentations', 'spontaneous_presentations', 'homogeneous_background_presentations', 'ShapeStim_presentations'}",766,4148.116151713592
29,78acbcb1-707a-47e5-99ed-5a6a431e5345,1589575335,sub-784498/sub-784498_ses-multiplane-ophys-784498-2025-05-08-12-44-38-acq-synced_ophys.nwb,2025-05-08 12:44:38.600863-07:00,784498,multiplane-ophys_784498_2025-05-08_12-44-38,F,P134D,Slc17a7-IRES2-Cre/wt;Camk2a-tTA/wt;Ai93(TITL-GCaMP6f)/wt,"{'rdkCircle_presentations', 'drifting_gratings_field_block_presentations', 'rdkSqr_presentations', 'receptive_field_block_presentations', 'spontaneous_presentations', 'homogeneous_background_presentations', 'ShapeStim_presentations'}",748,4148.046016825242
30,17e53bd2-4733-4a9b-a38b-eb590022741f,1072033573,sub-789166/sub-789166_ses-multiplane-ophys-789166-2025-07-02-09-51-45-acq-synced_ophys.nwb,2025-07-02 09:51:45.707074-07:00,789166,multiplane-ophys_789166_2025-07-02_09-51-45,F,P158D,Vip-IRES-Cre/wt;Ai148(TIT2L-GC6f-ICL-tTA2)/wt,"{'rdkCircle_presentations', 'drifting_gratings_field_block_presentations', 'rdkSqr_presentations', 'receptive_field_block_presentations', 'spontaneous_presentations', 'homogeneous_background_presentations', 'ShapeStim_presentations'}",509,4147.77959
31,c865c084-1b80-47e5-a15c-815e0035b539,1341291372,sub-770193/sub-770193_ses-multiplane-ophys-770193-2025-04-11-11-55-33-acq-synced_ophys.nwb,2025-04-11 11:55:33.489621-07:00,770193,multiplane-ophys_770193_2025-04-11_11-55-33,M,P190D,Slc17a7-IRES2-Cre/wt;Camk2a-tTA/wt;Ai93(TITL-GCaMP6f)/wt,"{'rdkCircle_presentations', 'drifting_gratings_field_block_presentations', 'rdkSqr_presentations', 'receptive_field_block_presentations', 'spontaneous_presentations', 'homogeneous_background_presentations', 'ShapeStim_presentations'}",656,4149.0172
32,c249ece8-314f-4b62-b0e0-af8def514e6c,811138213,sub-774619/sub-774619_ses-multiplane-ophys-774619-2025-04-15-15-54-19-acq-synced_ophys.nwb,2025-04-15 15:54:19.795688-07:00,774619,multiplane-ophys_774619_2025-04-15_15-54-19,M,P169D,Vip-IRES-Cre/wt;Ai148(TIT2L-GC6f-ICL-tTA2)/wt,"{'rdkCircle_presentations', 'drifting_gratings_field_block_presentations', 'rdkSqr_presentations', 'receptive_field_block_presentations', 'spontaneous_presentations', 'homogeneous_background_presentations', 'ShapeStim_presentations'}",346,4146.86011315534
33,292e472c-fa98-4e54-9c1f-7d94b64e0e96,2041052446,sub-764964/sub-764964_ses-multiplane-ophys-764964-2025-03-28-08-53-38-acq-synced_ophys.nwb,2025-03-28 08:53:38.808494-07:00,764964,multiplane-ophys_764964_2025-03-28_08-53-38,M,P203D,Vip-IRES-Cre/wt;Ai148(TIT2L-GC6f-ICL-tTA2)/wt,"{'rdkCircle_presentations', 'drifting_gratings_field_block_presentations', 'rdkSqr_presentations', 'receptive_field_block_presentations', 'spontaneous_presentations', 'homogeneous_background_presentations', 'ShapeStim_presentations'}",1038,4145.44532
34,08f0c3fd-430e-4ce6-b0f8-86df90d474ee,1483009643,sub-762077/sub-762077_ses-multiplane-ophys-762077-2025-03-13-11-40-59-acq-synced_ophys.nwb,2025-03-13 11:40:59.958699-07:00,762077,multiplane-ophys_762077_2025-03-13_11-40-59,M,P203D,Slc17a7-IRES2-Cre/wt;Camk2a-tTA/wt;Ai93(TITL-GCaMP6f)/wt,"{'rdkCircle_presentations', 'drifting_gratings_field_block_presentations', 'rdkSqr_presentations', 'receptive_field_block_presentations', 'spontaneous_presentations', 'homogeneous_background_presentations', 'ShapeStim_presentations'}",693,4145.878676315534
35,8c679fa4-6d22-4962-ab1f-b2286ec89581,935137053,sub-784498/sub-784498_ses-multiplane-ophys-784498-2025-05-09-14-50-09-acq-synced_ophys.nwb,2025-05-09 14:50:09.411373-07:00,784498,multiplane-ophys_784498_2025-05-09_14-50-09,F,P135D,Slc17a7-IRES2-Cre/wt;Camk2a-tTA/wt;Ai93(TITL-GCaMP6f)/wt,"{'rdkCircle_presentations', 'drifting_gratings_field_block_presentations', 'rdkSqr_presentations', 'receptive_field_block_presentations', 'spontaneous_presentations', 'homogeneous_background_presentations', 'ShapeStim_presentations'}",410,4147.933699247573
36,62eec17a-cf7b-4232-a507-b4fb17f9367b,334848343,sub-790107/sub-790107_ses-multiplane-ophys-790107-2025-06-18-09-17-51-acq-synced_ophys.nwb,2025-06-18 09:17:51.054439-07:00,790107,multiplane-ophys_790107_2025-06-18_09-17-51,F,P139D,Pvalb-IRES-Cre/wt;Ai162(TIT2L-GC6s-ICL-tTA2)/wt,"{'rdkCircle_presentations', 'drifting_gratings_field_block_presentations', 'rdkSqr_presentations', 'receptive_field_block_presentations', 'spontaneous_presentations', 'homogeneous_background_presentations', 'ShapeStim_presentations'}",100,4146.774187364078
37,9ae2122f-43e8-4b7f-8ed8-317b5b742d9e,808260599,sub-799426/sub-799426_ses-multiplane-ophys-799426-2025-08-01-09-17-37-acq-synced_ophys.nwb,2025-08-01 09:17:37.963027-07:00,799426,multiplane-ophys_799426_2025-08-01_09-17-37,M,P126D,Sst-IRES-Cre/wt;Ai148(TIT2L-GC6f-ICL-tTA2)/wt,"{'rdkCircle_presentations', 'drifting_gratings_field_block_presentations', 'rdkSqr_presentations', 'receptive_field_block_presentations', 'spontaneous_presentations', 'homogeneous_background_presentations', 'ShapeStim_presentations'}",365,4147.04542
38,e703b2f8-4adc-4208-813c-75d265ad27da,601265860,sub-799426/sub-799426_ses-multiplane-ophys-799426-2025-07-30-14-03-47-acq-synced_ophys.nwb,2025-07-30 14:03:47.266293-07:00,799426,multiplane-ophys_799426_2025-07-30_14-03-47,M,P124D,Sst-IRES-Cre/wt;Ai148(TIT2L-GC6f-ICL-tTA2)/wt,"{'rdkCircle_presentations', 'drifting_gratings_field_block_presentations', 'rdkSqr_presentations', 'receptive_field_block_presentations', 'spontaneous_presentations', 'homogeneous_background_presentations', 'ShapeStim_presentations'}",252,4149.03959
39,0c8f959f-aeaa-4b17-b9a5-f3758e1d91f1,1689491781,sub-798278/sub-798278_ses-multiplane-ophys-798278-2025-08-05-12-09-18-acq-synced_ophys.nwb,2025-08-05 12:09:18.876136-07:00,798278,multiplane-ophys_798278_2025-08-05_12-09-18,M,P136D,Slc17a7-IRES2-Cre/wt;Camk2a-tTA/wt;Ai93(TITL-GCaMP6f)/wt,"{'rdkCircle_presentations', 'drifting_gratings_field_block_presentations', 'rdkSqr_presentations', 'receptive_field_block_presentations', 'spontaneous_presentations', 'homogeneous_background_presentations', 'ShapeStim_presentations'}",846,4147.36283
40,243fcaf4-8513-45f8-8b12-f78321178e8d,1009831095,sub-789166/sub-789166_ses-multiplane-ophys-789166-2025-07-11-14-40-29-acq-synced_ophys.nwb,2025-07-11 14:40:29.670645-07:00,789166,multiplane-ophys_789166_2025-07-11_14-40-29,F,P167D,Vip-IRES-Cre/wt;Ai148(TIT2L-GC6f-ICL-tTA2)/wt,"{'rdkCircle_presentations', 'drifting_gratings_field_block_presentations', 'rdkSqr_presentations', 'receptive_field_block_presentations', 'spontaneous_presentations', 'homogeneous_background_presentations', 'ShapeStim_presentations'}",475,4154.98218
41,2f55030d-3ea3-45e7-bda4-e22fa1504d66,1442349328,sub-798278/sub-798278_ses-multiplane-ophys-798278-2025-08-06-14-43-02-acq-synced_ophys.nwb,2025-08-06 14:43:02.315097-07:00,798278,multiplane-ophys_798278_2025-08-06_14-43-02,M,P137D,Slc17a7-IRES2-Cre/wt;Camk2a-tTA/wt;Ai93(TITL-GCaMP6f)/wt,"{'rdkCircle_presentations', 'drifting_gratings_field_block_presentations', 'rdkSqr_presentations', 'receptive_field_block_presentations', 'spontaneous_presentations', 'homogeneous_background_presentations', 'ShapeStim_presentations'}",711,4150.42788
42,28b2e48e-d2d7-4c79-9d4a-1bd8cff62de6,1183721193,sub-770193/sub-770193_ses-multiplane-ophys-770193-2025-04-16-11-48-03-acq-synced_ophys.nwb,2025-04-16 11:48:03.485970-07:00,770193,multiplane-ophys_770193_2025-04-16_11-48-03,M,P195D,Slc17a7-IRES2-Cre/wt;Camk2a-tTA/wt;Ai93(TITL-GCaMP6f)/wt,"{'rdkCircle_presentations', 'drifting_gratings_field_block_presentations', 'rdkSqr_presentations', 'receptive_field_block_presentations', 'spontaneous_presentations', 'homogeneous_background_presentations', 'ShapeStim_presentations'}",570,4148.71417
43,3f9bba95-fada-4801-8391-b9d1b6e817b2,1145239926,sub-770193/sub-770193_ses-multiplane-ophys-770193-2025-04-10-11-33-22-acq-synced_ophys.nwb,2025-04-10 11:33:22.958545-07:00,770193,multiplane-ophys_770193_2025-04-10_11-33-22,M,P189D,Slc17a7-IRES2-Cre/wt;Camk2a-tTA/wt;Ai93(TITL-GCaMP6f)/wt,"{'rdkCircle_presentations', 'drifting_gratings_field_block_presentations', 'rdkSqr_presentations', 'receptive_field_block_presentations', 'spontaneous_presentations', 'homogeneous_background_presentations', 'ShapeStim_presentations'}",549,4147.3387
44,5dabfd78-7d68-4e30-9ff2-618c435c6044,361937677,sub-790107/sub-790107_ses-multiplane-ophys-790107-2025-06-17-12-28-36-acq-synced_ophys.nwb,2025-06-17 12:28:36.154090-07:00,790107,multiplane-ophys_790107_2025-06-17_12-28-36,F,P138D,Pvalb-IRES-Cre/wt;Ai162(TIT2L-GC6s-ICL-tTA2)/wt,"{'rdkCircle_presentations', 'drifting_gratings_field_block_presentations', 'rdkSqr_presentations', 'receptive_field_block_presentations', 'spontaneous_presentations', 'homogeneous_background_presentations', 'ShapeStim_presentations'}",114,4145.999756747573
45,77593073-28c5-4ff4-8ad4-f24c3e7d68bf,362035111,sub-790107/sub-790107_ses-multiplane-ophys-790107-2025-05-21-09-53-40-acq-synced_ophys.nwb,2025-05-21 09:53:40.850875-07:00,790107,multiplane-ophys_790107_2025-05-21_09-53-40,F,P111D,Pvalb-IRES-Cre/wt;Ai162(TIT2L-GC6s-ICL-tTA2)/wt,"{'rdkCircle_presentations', 'drifting_gratings_field_block_presentations', 'rdkSqr_presentations', 'receptive_field_block_presentations', 'spontaneous_presentations', 'homogeneous_background_presentations', 'ShapeStim_presentations'}",114,4148.218318864077
46,395b228a-e350-438e-b674-273b905ec741,611756585,sub-774619/sub-774619_ses-multiplane-ophys-774619-2025-04-16-09-25-27-acq-synced_ophys.nwb,2025-04-16 09:25:27.949653-07:00,774619,multiplane-ophys_774619_2025-04-16_09-25-27,M,P170D,Vip-IRES-Cre/wt;Ai148(TIT2L-GC6f-ICL-tTA2)/wt,"{'rdkCircle_presentations', 'drifting_gratings_field_block_presentations', 'rdkSqr_presentations', 'receptive_field_block_presentations', 'spontaneous_presentations', 'homogeneous_background_presentations', 'ShapeStim_presentations'}",243,4147.887009286408
47,470cfd08-7635-4717-b042-7010dd8ec862,454669297,sub-790102/sub-790102_ses-multiplane-ophys-790102-2025-06-18-12-11-06-acq-synced_ophys.nwb,2025-06-18 12:11:06.388236-07:00,790102,multiplane-ophys_790102_2025-06-18_12-11-06,M,P139D,Pvalb-IRES-Cre/wt;Ai162(TIT2L-GC6s-ICL-tTA2)/wt,"{'rdkCircle_presentations', 'drifting_gratings_field_block_presentations', 'rdkSqr_presentations', 'receptive_field_block_presentations', 'spontaneous_presentations', 'homogeneous_background_presentations', 'ShapeStim_presentations'}",172,4146.75897
48,ea4146ee-7fd0-4e52-ae26-754323b78574,1663859402,sub-798278/sub-798278_ses-multiplane-ophys-798278-2025-08-04-12-02-06-acq-synced_ophys.nwb,2025-08-04 12:02:06.525717-07:00,798278,multiplane-ophys_798278_2025-08-04_12-02-06,M,P135D,Slc17a7-IRES2-Cre/wt;Camk2a-tTA/wt;Ai93(TITL-GCaMP6f)/wt,"{'rdkCircle_presentations', 'drifting_gratings_field_block_presentations', 'rdkSqr_presentations', 'receptive_field_block_presentations', 'spontaneous_presentations', 'homogeneous_background_presentations', 'ShapeStim_presentations'}",832,4149.06504
49,95a9dcfa-6b59-4427-b3df-92489746fd22,493114174,sub-787495/sub-787495_ses-multiplane-ophys-787495-2025-05-01-12-01-30-acq-synced_ophys.nwb,2025-05-01 12:01:30.061281-07:00,787495,multiplane-ophys_787495_2025-05-01_12-01-30,M,P108D,Sst-IRES-Cre/wt;Ai148(TIT2L-GC6f-ICL-tTA2)/wt,"{'rdkCircle_presentations', 'drifting_gratings_field_block_presentations', 'rdkSqr_presentations', 'receptive_field_block_presentations', 'spontaneous_presentations', 'homogeneous_background_presentations', 'ShapeStim_presentations'}",193,4148.47329
50,0c66994a-2e86-4110-9cd5-394c7a491dd9,1618052433,sub-798278/sub-798278_ses-multiplane-ophys-798278-2025-07-17-14-46-14-acq-synced_ophys.nwb,2025-07-17 14:46:14.035985-07:00,798278,multiplane-ophys_798278_2025-07-17_14-46-14,M,P117D,Slc17a7-IRES2-Cre/wt;Camk2a-tTA/wt;Ai93(TITL-GCaMP6f)/wt,"{'rdkCircle_presentations', 'drifting_gratings_field_block_presentations', 'rdkSqr_presentations', 'receptive_field_block_presentations', 'spontaneous_presentations', 'homogeneous_background_presentations', 'ShapeStim_presentations'}",807,4148.152700000001
51,dab4437c-13d4-4281-aaf4-e397fcaeceec,1779212733,sub-798278/sub-798278_ses-multiplane-ophys-798278-2025-07-28-14-38-51-acq-synced_ophys.nwb,2025-07-28 14:38:51.786150-07:00,798278,multiplane-ophys_798278_2025-07-28_14-38-51,M,P128D,Slc17a7-IRES2-Cre/wt;Camk2a-tTA/wt;Ai93(TITL-GCaMP6f)/wt,"{'rdkCircle_presentations', 'drifting_gratings_field_block_presentations', 'rdkSqr_presentations', 'receptive_field_block_presentations', 'spontaneous_presentations', 'homogeneous_background_presentations', 'ShapeStim_presentations'}",895,4148.57856
52,b27fb669-3643-4e94-8fd0-ee0bbb5d6cbc,644679879,sub-774619/sub-774619_ses-multiplane-ophys-774619-2025-04-03-12-03-39-acq-synced_ophys.nwb,2025-04-03 12:03:39.239212-07:00,774619,multiplane-ophys_774619_2025-04-03_12-03-39,M,P157D,Vip-IRES-Cre/wt;Ai148(TIT2L-GC6f-ICL-tTA2)/wt,"{'rdkCircle_presentations', 'drifting_gratings_field_block_presentations', 'rdkSqr_presentations', 'receptive_field_block_presentations', 'spontaneous_presentations', 'homogeneous_background_presentations', 'ShapeStim_presentations'}",260,4148.265802092233
53,5889301e-8c74-4aaf-a77d-b43c7c59330f,1407329212,sub-764964/sub-764964_ses-multiplane-ophys-764964-2025-03-07-09-29-47-acq-synced_ophys.nwb,2025-03-07 09:29:47.977576-08:00,764964,multiplane-ophys_764964_2025-03-07_09-29-47,M,P182D,Vip-IRES-Cre/wt;Ai148(TIT2L-GC6f-ICL-tTA2)/wt,"{'rdkCircle_presentations', 'drifting_gratings_field_block_presentations', 'rdkSqr_presentations', 'receptive_field_block_presentations', 'spontaneous_presentations', 'homogeneous_background_presentations', 'ShapeStim_presentations'}",692,4152.52811
54,9bd71f0d-393d-463a-baf5-5da4d7e17b8f,1158180142,sub-770193/sub-770193_ses-multiplane-ophys-770193-2025-03-26-12-38-16-acq-synced_ophys.nwb,2025-03-26 12:38:16.230348-07:00,770193,multiplane-ophys_770193_2025-03-26_12-38-16,M,P174D,Slc17a7-IRES2-Cre/wt;Camk2a-tTA/wt;Ai93(TITL-GCaMP6f)/wt,"{'rdkCircle_presentations', 'drifting_gratings_field_block_presentations', 'rdkSqr_presentations', 'receptive_field_block_presentations', 'spontaneous_presentations', 'homogeneous_background_presentations', 'ShapeStim_presentations'}",556,4149.6720700000005
55,25325adb-4638-4d33-a543-aec4262b7314,1622470717,sub-784498/sub-784498_ses-multiplane-ophys-784498-2025-04-26-11-23-47-acq-synced_ophys.nwb,2025-04-26 11:23:47.401217-07:00,784498,multiplane-ophys_784498_2025-04-26_11-23-47,F,P122D,Slc17a7-IRES2-Cre/wt;Camk2a-tTA/wt;Ai93(TITL-GCaMP6f)/wt,"{'rdkCircle_presentations', 'drifting_gratings_field_block_presentations', 'rdkSqr_presentations', 'receptive_field_block_presentations', 'spontaneous_presentations', 'homogeneous_background_presentations', 'ShapeStim_presentations'}",765,4147.896110262136
56,4bf10a73-c06e-4357-b12e-efa4ba115c22,727722872,sub-799426/sub-799426_ses-multiplane-ophys-799426-2025-08-07-14-57-47-acq-synced_ophys.nwb,2025-08-07 14:57:47.053087-07:00,799426,multiplane-ophys_799426_2025-08-07_14-57-47,M,P132D,Sst-IRES-Cre/wt;Ai148(TIT2L-GC6f-ICL-tTA2)/wt,"{'rdkCircle_presentations', 'drifting_gratings_field_block_presentations', 'rdkSqr_presentations', 'receptive_field_block_presentations', 'spontaneous_presentations', 'homogeneous_background_presentations', 'ShapeStim_presentations'}",321,4148.54038
57,f62be196-9dc8-4bdf-974e-4f75d9b1d1e5,844867721,sub-789166/sub-789166_ses-multiplane-ophys-789166-2025-06-24-10-55-26-acq-synced_ophys.nwb,2025-06-24 10:55:26.968260-07:00,789166,multiplane-ophys_789166_2025-06-24_10-55-26,F,P150D,Vip-IRES-Cre/wt;Ai148(TIT2L-GC6f-ICL-tTA2)/wt,"{'rdkCircle_presentations', 'drifting_gratings_field_block_presentations', 'rdkSqr_presentations', 'receptive_field_block_presentations', 'spontaneous_presentations', 'homogeneous_background_presentations', 'ShapeStim_presentations'}",385,4147.35524
58,8e3a47f5-3cc3-4ff0-813f-bdefdfd1fa94,500428562,sub-790102/sub-790102_ses-multiplane-ophys-790102-2025-07-07-11-57-42-acq-synced_ophys.nwb,2025-07-07 11:57:42.948828-07:00,790102,multiplane-ophys_790102_2025-07-07_11-57-42,M,P158D,Pvalb-IRES-Cre/wt;Ai162(TIT2L-GC6s-ICL-tTA2)/wt,"{'rdkCircle_presentations', 'drifting_gratings_field_block_presentations', 'rdkSqr_presentations', 'receptive_field_block_presentations', 'spontaneous_presentations', 'homogeneous_background_presentations', 'ShapeStim_presentations'}",197,4146.810640000001
59,3ba575ff-e348-4ebf-a462-154de5d215ed,1940402575,sub-764964/sub-764964_ses-multiplane-ophys-764964-2025-03-15-09-31-52-acq-synced_ophys.nwb,2025-03-15 09:31:52.036498-07:00,764964,multiplane-ophys_764964_2025-03-15_09-31-52,M,P190D,Vip-IRES-Cre/wt;Ai148(TIT2L-GC6f-ICL-tTA2)/wt,"{'rdkCircle_presentations', 'drifting_gratings_field_block_presentations', 'rdkSqr_presentations', 'receptive_field_block_presentations', 'spontaneous_presentations', 'homogeneous_background_presentations', 'ShapeStim_presentations'}",983,4155.0398000000005
60,c0b3e437-d487-42cf-a2c3-b7c8841f931f,1215064002,sub-789166/sub-789166_ses-multiplane-ophys-789166-2025-07-10-15-11-30-acq-synced_ophys.nwb,2025-07-10 15:11:30.863272-07:00,789166,multiplane-ophys_789166_2025-07-10_15-11-30,F,P166D,Vip-IRES-Cre/wt;Ai148(TIT2L-GC6f-ICL-tTA2)/wt,"{'rdkCircle_presentations', 'drifting_gratings_field_block_presentations', 'rdkSqr_presentations', 'receptive_field_block_presentations', 'spontaneous_presentations', 'homogeneous_background_presentations', 'ShapeStim_presentations'}",587,4153.904860000001
61,8fe72bd8-fd96-494d-b1e8-33ec430cdf3f,1601204161,sub-762077/sub-762077_ses-multiplane-ophys-762077-2025-03-21-11-45-29-acq-synced_ophys.nwb,2025-03-21 11:45:29.390680-07:00,762077,multiplane-ophys_762077_2025-03-21_11-45-29,M,P211D,Slc17a7-IRES2-Cre/wt;Camk2a-tTA/wt;Ai93(TITL-GCaMP6f)/wt,"{'rdkCircle_presentations', 'drifting_gratings_field_block_presentations', 'rdkSqr_presentations', 'receptive_field_block_presentations', 'spontaneous_presentations', 'homogeneous_background_presentations', 'ShapeStim_presentations'}",754,4148.333273213592
62,2dbee5e4-0efa-477b-9946-570a1e28b300,1606961009,sub-762077/sub-762077_ses-multiplane-ophys-762077-2025-03-12-11-58-24-acq-synced_ophys.nwb,2025-03-12 11:58:24.701440-07:00,762077,multiplane-ophys_762077_2025-03-12_11-58-24,M,P202D,Slc17a7-IRES2-Cre/wt;Camk2a-tTA/wt;Ai93(TITL-GCaMP6f)/wt,"{'rdkCircle_presentations', 'drifting_gratings_field_block_presentations', 'rdkSqr_presentations', 'receptive_field_block_presentations', 'spontaneous_presentations', 'homogeneous_background_presentations', 'ShapeStim_presentations'}",757,4145.954849626214
63,c7b622c8-90a5-4b6f-868d-3279e37843af,1473340559,sub-784498/sub-784498_ses-multiplane-ophys-784498-2025-04-25-09-24-53-acq-synced_ophys.nwb,2025-04-25 09:24:53.862085-07:00,784498,multiplane-ophys_784498_2025-04-25_09-24-53,F,P121D,Slc17a7-IRES2-Cre/wt;Camk2a-tTA/wt;Ai93(TITL-GCaMP6f)/wt,"{'rdkCircle_presentations', 'drifting_gratings_field_block_presentations', 'rdkSqr_presentations', 'receptive_field_block_presentations', 'spontaneous_presentations', 'homogeneous_background_presentations', 'ShapeStim_presentations'}",688,4146.240970097088
64,15a4be3e-4fb8-48c2-bf09-67615e601598,1638137642,sub-798278/sub-798278_ses-multiplane-ophys-798278-2025-07-29-11-58-20-acq-synced_ophys.nwb,2025-07-29 11:58:20.316744-07:00,798278,multiplane-ophys_798278_2025-07-29_11-58-20,M,P129D,Slc17a7-IRES2-Cre/wt;Camk2a-tTA/wt;Ai93(TITL-GCaMP6f)/wt,"{'rdkCircle_presentations', 'drifting_gratings_field_block_presentations', 'rdkSqr_presentations', 'receptive_field_block_presentations', 'spontaneous_presentations', 'homogeneous_background_presentations', 'ShapeStim_presentations'}",818,4147.61042
65,0ac9c0f8-59ce-4115-a51c-1940cd7b40ff,321351814,sub-790107/sub-790107_ses-multiplane-ophys-790107-2025-06-12-12-47-31-acq-synced_ophys.nwb,2025-06-12 12:47:31.990790-07:00,790107,multiplane-ophys_790107_2025-06-12_12-47-31,F,P133D,Pvalb-IRES-Cre/wt;Ai162(TIT2L-GC6s-ICL-tTA2)/wt,"{'rdkCircle_presentations', 'drifting_gratings_field_block_presentations', 'rdkSqr_presentations', 'receptive_field_block_presentations', 'spontaneous_presentations', 'homogeneous_background_presentations', 'ShapeStim_presentations'}",93,4148.500092116505
66,aaa6bfb4-6c71-4b40-9be1-930a0a9483f0,323244169,sub-790107/sub-790107_ses-multiplane-ophys-790107-2025-06-27-09-39-32-acq-synced_ophys.nwb,2025-06-27 09:39:32.612076-07:00,790107,multiplane-ophys_790107_2025-06-27_09-39-32,F,P148D,Pvalb-IRES-Cre/wt;Ai162(TIT2L-GC6s-ICL-tTA2)/wt,"{'rdkCircle_presentations', 'drifting_gratings_field_block_presentations', 'rdkSqr_presentations', 'receptive_field_block_presentations', 'spontaneous_presentations', 'homogeneous_background_presentations', 'ShapeStim_presentations'}",94,4148.622510932039
67,be4ed84a-0af2-42a6-bd10-3d32c6e7f411,1581362779,sub-764964/sub-764964_ses-multiplane-ophys-764964-2025-03-27-09-15-07-acq-synced_ophys.nwb,2025-03-27 09:15:07.521983-07:00,764964,multiplane-ophys_764964_2025-03-27_09-15-07,M,P202D,Vip-IRES-Cre/wt;Ai148(TIT2L-GC6f-ICL-tTA2)/wt,"{'rdkCircle_presentations', 'drifting_gratings_field_block_presentations', 'rdkSqr_presentations', 'receptive_field_block_presentations', 'spontaneous_presentations', 'homogeneous_background_presentations', 'ShapeStim_presentations'}",787,4148.88107
68,3ede6f66-7891-44b2-88c9-a1678a8d2d7b,496899483,sub-787495/sub-787495_ses-multiplane-ophys-787495-2025-05-07-11-44-58-acq-synced_ophys.nwb,2025-05-07 11:44:58.156319-07:00,787495,multiplane-ophys_787495_2025-05-07_11-44-58,M,P114D,Sst-IRES-Cre/wt;Ai148(TIT2L-GC6f-ICL-tTA2)/wt,"{'rdkCircle_presentations', 'drifting_gratings_field_block_presentations', 'rdkSqr_presentations', 'receptive_field_block_presentations', 'spontaneous_presentations', 'homogeneous_background_presentations', 'ShapeStim_presentations'}",195,4153.3243600000005
69,9afdb4b7-9786-465a-bb9f-5ceff7004eee,1694961812,sub-798278/sub-798278_ses-multiplane-ophys-798278-2025-07-22-11-50-21-acq-synced_ophys.nwb,2025-07-22 11:50:21.238267-07:00,798278,multiplane-ophys_798278_2025-07-22_11-50-21,M,P122D,Slc17a7-IRES2-Cre/wt;Camk2a-tTA/wt;Ai93(TITL-GCaMP6f)/wt,"{'rdkCircle_presentations', 'drifting_gratings_field_block_presentations', 'rdkSqr_presentations', 'receptive_field_block_presentations', 'spontaneous_presentations', 'homogeneous_background_presentations', 'ShapeStim_presentations'}",849,4147.13813
70,cab5497d-931c-4963-8115-d00401b1595f,1703846799,sub-784498/sub-784498_ses-multiplane-ophys-784498-2025-05-16-11-21-21-acq-synced_ophys.nwb,2025-05-16 11:21:21.123789-07:00,784498,multiplane-ophys_784498_2025-05-16_11-21-21,F,P142D,Slc17a7-IRES2-Cre/wt;Camk2a-tTA/wt;Ai93(TITL-GCaMP6f)/wt,"{'rdkCircle_presentations', 'drifting_gratings_field_block_presentations', 'rdkSqr_presentations', 'receptive_field_block_presentations', 'spontaneous_presentations', 'homogeneous_background_presentations', 'ShapeStim_presentations'}",807,4148.408167553398
71,4e5d8699-b8ba-4ef8-bede-c09e7aef1110,677551912,sub-774619/sub-774619_ses-multiplane-ophys-774619-2025-03-29-09-25-04-acq-synced_ophys.nwb,2025-03-29 09:25:04.830097-07:00,774619,multiplane-ophys_774619_2025-03-29_09-25-04,M,P152D,Vip-IRES-Cre/wt;Ai148(TIT2L-GC6f-ICL-tTA2)/wt,"{'rdkCircle_presentations', 'drifting_gratings_field_block_presentations', 'rdkSqr_presentations', 'receptive_field_block_presentations', 'spontaneous_presentations', 'homogeneous_background_presentations', 'ShapeStim_presentations'}",277,4146.737102684466
72,2b3e42b4-9041-4fe5-b720-f2ee6e7b5216,708565128,sub-774619/sub-774619_ses-multiplane-ophys-774619-2025-04-02-12-25-08-acq-synced_ophys.nwb,2025-04-02 12:25:08.149832-07:00,774619,multiplane-ophys_774619_2025-04-02_12-25-08,M,P156D,Vip-IRES-Cre/wt;Ai148(TIT2L-GC6f-ICL-tTA2)/wt,"{'rdkCircle_presentations', 'drifting_gratings_field_block_presentations', 'rdkSqr_presentations', 'receptive_field_block_presentations', 'spontaneous_presentations', 'homogeneous_background_presentations', 'ShapeStim_presentations'}",293,4148.041958048544
73,376d0585-c348-444f-9630-61d7512a4063,1661198875,sub-784498/sub-784498_ses-multiplane-ophys-784498-2025-05-03-10-37-13-acq-synced_ophys.nwb,2025-05-03 10:37:13.827934-07:00,784498,multiplane-ophys_784498_2025-05-03_10-37-13,F,P129D,Slc17a7-IRES2-Cre/wt;Camk2a-tTA/wt;Ai93(TITL-GCaMP6f)/wt,"{'rdkCircle_presentations', 'drifting_gratings_field_block_presentations', 'rdkSqr_presentations', 'receptive_field_block_presentations', 'spontaneous_presentations', 'homogeneous_background_presentations', 'ShapeStim_presentations'}",785,4147.231090703883
74,82366877-a4a9-4f6f-8519-c12da91d01cf,1610864225,sub-762077/sub-762077_ses-multiplane-ophys-762077-2025-03-06-11-49-34-acq-synced_ophys.nwb,2025-03-06 11:49:34.956114-08:00,762077,multiplane-ophys_762077_2025-03-06_11-49-34,M,P196D,Slc17a7-IRES2-Cre/wt;Camk2a-tTA/wt;Ai93(TITL-GCaMP6f)/wt,"{'rdkCircle_presentations', 'drifting_gratings_field_block_presentations', 'rdkSqr_presentations', 'receptive_field_block_presentations', 'spontaneous_presentations', 'homogeneous_background_presentations', 'ShapeStim_presentations'}",759,4147.923608747573
75,22631bbd-3612-4f6e-bce1-1d2eede2a085,1591511039,sub-762077/sub-762077_ses-multiplane-ophys-762077-2025-03-20-11-54-20-acq-synced_ophys.nwb,2025-03-20 11:54:20.351717-07:00,762077,multiplane-ophys_762077_2025-03-20_11-54-20,M,P210D,Slc17a7-IRES2-Cre/wt;Camk2a-tTA/wt;Ai93(TITL-GCaMP6f)/wt,"{'rdkCircle_presentations', 'drifting_gratings_field_block_presentations', 'rdkSqr_presentations', 'receptive_field_block_presentations', 'spontaneous_presentations', 'homogeneous_background_presentations', 'ShapeStim_presentations'}",749,4148.025088674758
76,b73f9efc-ebac-4986-88cc-84234634acca,878941064,sub-774619/sub-774619_ses-multiplane-ophys-774619-2025-04-08-09-23-30-acq-synced_ophys.nwb,2025-04-08 09:23:30.887795-07:00,774619,multiplane-ophys_774619_2025-04-08_09-23-30,M,P162D,Vip-IRES-Cre/wt;Ai148(TIT2L-GC6f-ICL-tTA2)/wt,"{'rdkCircle_presentations', 'drifting_gratings_field_block_presentations', 'rdkSqr_presentations', 'receptive_field_block_presentations', 'spontaneous_presentations', 'homogeneous_background_presentations', 'ShapeStim_presentations'}",381,4147.764905684466
